Date,Actual,Forecast,Error,Pct error,Period
2020-01-05,435.14285714285717,466.42857142857144,-31.285714285714278,-6.707503828483918,pre
2020-01-12,292.57142857142856,379.42857142857144,-86.85714285714289,-22.891566265060252,pre
2020-01-19,294.42857142857144,399.14285714285717,-104.71428571428572,-26.23478883321403,pre
2020-01-26,292.42857142857144,256.42857142857144,36.0,14.038997214484679,pre
2020-02-02,254.42857142857142,332.42857142857144,-78.00000000000003,-23.463687150837995,pre
2020-02-09,312.2857142857143,270.57142857142856,41.71428571428572,15.417106652587123,pre
2020-02-16,273.0,317.2857142857143,-44.28571428571428,-13.957676722197206,pre
2020-02-23,237.57142857142858,207.0,30.571428571428584,14.768806073153904,pre
2020-03-01,207.0,185.14285714285714,21.85714285714286,11.805555555555559,pre
2020-03-08,149.28571428571428,196.85714285714286,-47.571428571428584,-24.165457184325117,pre
2020-03-15,143.14285714285714,187.42857142857142,-44.28571428571428,-23.628048780487802,pre
2020-03-22,182.42857142857142,194.85714285714286,-12.428571428571445,-6.378299120234613,pre
2020-03-29,89.57142857142857,206.14285714285714,-116.57142857142857,-56.54885654885655,straddle
2020-04-05,84.28571428571429,240.42857142857142,-156.1428571428571,-64.94355317884728,post
2020-04-12,107.57142857142857,215.71428571428572,-108.14285714285715,-50.13245033112583,post
2020-04-19,128.14285714285714,164.28571428571428,-36.14285714285714,-21.999999999999996,post
2020-04-26,121.57142857142857,246.57142857142858,-125.00000000000001,-50.69524913093859,post
2020-05-03,118.71428571428571,241.14285714285714,-122.42857142857143,-50.77014218009479,post
2020-05-10,127.85714285714286,329.57142857142856,-201.7142857142857,-61.205028175119196,post
2020-05-17,146.14285714285714,225.71428571428572,-79.57142857142858,-35.253164556962034,post
2020-05-24,197.14285714285714,175.42857142857142,21.714285714285722,12.377850162866457,post
2020-05-31,133.28571428571428,220.42857142857142,-87.14285714285714,-39.533376539209335,post
2020-06-07,117.42857142857143,208.0,-90.57142857142857,-43.543956043956044,post
2020-06-14,139.57142857142858,229.0,-89.42857142857142,-39.05177791640673,post
2020-06-21,124.0,158.42857142857142,-34.428571428571416,-21.731289449954907,post
2020-06-28,108.28571428571429,177.57142857142858,-69.28571428571429,-39.018503620273535,post
