order,sorder,aic,converged,secs
"(0, 1, 0)","(0, 1, 0, 52)",1810.0319503540686,True,0.04398895899794297
"(0, 1, 0)","(0, 1, 1, 52)",1757.201904653029,True,0.8110608749993844
"(0, 1, 0)","(1, 1, 0, 52)",1756.3477901557917,True,0.3659408329986036
"(0, 1, 0)","(1, 1, 1, 52)",1753.783252982334,True,1.0437988330013468
"(0, 1, 1)","(0, 1, 0, 52)",1765.1024401150844,True,0.09036187499441439
"(0, 1, 1)","(0, 1, 1, 52)",1708.4717191388486,True,0.9919710829999531
"(0, 1, 1)","(1, 1, 0, 52)",1707.5893500637878,True,0.6349562920004246
"(0, 1, 1)","(1, 1, 1, 52)",1702.932625289457,True,1.5031203750040731
"(0, 1, 2)","(0, 1, 0, 52)",1766.4767434759192,True,0.11894079200283159
"(0, 1, 2)","(0, 1, 1, 52)",1710.4598169749042,True,1.805205875003594
"(0, 1, 2)","(1, 1, 0, 52)",1709.5101890636745,True,0.7226789999986067
"(0, 1, 2)","(1, 1, 1, 52)",1704.766834409409,True,1.639703875000123
"(1, 1, 0)","(0, 1, 0, 52)",1787.165961481699,True,0.08080804099881789
"(1, 1, 0)","(0, 1, 1, 52)",1728.2743390331004,True,1.2738242920022458
"(1, 1, 0)","(1, 1, 0, 52)",1726.02908015078,True,0.4845447499974398
"(1, 1, 0)","(1, 1, 1, 52)",1721.8806877831685,True,1.4437587919965154
"(1, 1, 1)","(0, 1, 0, 52)",1766.6786362687546,True,0.1057328340029926
"(1, 1, 1)","(0, 1, 1, 52)",1710.461554011543,True,1.5605567090024124
"(1, 1, 1)","(1, 1, 0, 52)",1709.53299965939,True,0.9597250839942717
"(1, 1, 1)","(1, 1, 1, 52)",1704.8092361639217,True,1.5970313329962664
"(1, 1, 2)","(0, 1, 0, 52)",1766.354847485458,True,0.19917562499904307
"(1, 1, 2)","(0, 1, 1, 52)",1711.3157389679347,False,3.184329584000807
"(1, 1, 2)","(1, 1, 0, 52)",1711.1628361881867,True,2.5103261670010397
"(1, 1, 2)","(1, 1, 1, 52)",1706.3689228695946,False,3.7868281249975553
"(2, 1, 0)","(0, 1, 0, 52)",1766.2945013432345,True,0.12826283300091745
"(2, 1, 0)","(0, 1, 1, 52)",1711.5901688071117,True,1.8892490840007667
"(2, 1, 0)","(1, 1, 0, 52)",1709.2999311132003,True,0.7338465419961722
"(2, 1, 0)","(1, 1, 1, 52)",1705.3140897510827,True,1.5650852910039248
"(2, 1, 1)","(0, 1, 0, 52)",1766.192628293511,True,0.10203720800200244
"(2, 1, 1)","(0, 1, 1, 52)",1711.2673008189654,False,2.6775253340019844
"(2, 1, 1)","(1, 1, 0, 52)",1714.5922646230215,True,2.355737500001851
"(2, 1, 1)","(1, 1, 1, 52)",1705.312685991435,True,3.744330583002011
"(2, 1, 2)","(0, 1, 0, 52)",1767.7714302085449,True,0.18257645899575436
"(2, 1, 2)","(0, 1, 1, 52)",1712.7294553146833,False,3.240496875005192
"(2, 1, 2)","(1, 1, 0, 52)",1711.5542880939329,True,2.396200167000643
"(2, 1, 2)","(1, 1, 1, 52)",1707.1359665381465,False,3.973941874995944
