,coefficient
month_sin,-0.29091678017116485
Toluene,-0.27161124632463046
NOx,-0.05974155820668205
dow_cos,-0.030198051472711814
NH3,-0.02553330637348516
SO2,0.06674959158206559
aqi_lag2,0.14300411815961608
aqi_lag1,0.15732761024299613
dow_sin,0.15916253543206674
aqi_roll7_mean,0.19028056334979795
month_cos,0.20197179255777767
Benzene,0.213703684286526
O3,0.21540584425583761
aqi_lag7,0.2562866674532542
NO2,0.3176434860487205
NO,0.4063827144970786
aqi_today,0.4388492283432389
CO,0.6558746449401255
PM10,0.9296443085572136
PM2.5,1.1245297792740223
