Date,PM2.5,PM10,NO,NO2,NOx,NH3,CO,SO2,O3,Benzene,Toluene,aqi_today,aqi_lag1,aqi_lag2,aqi_lag7,aqi_roll7_mean,month_sin,month_cos,dow_sin,dow_cos,aqi_bucket_today,next_day_aqi,next_day_bucket,actual_tomorrow_bad,change_day,change_type,prob_logreg
2019-01-01,287.34,461.02,92.04,69.46,121.07,56.66,2.54,17.77,39.58,8.09,48.84,475.0,509.0,484.0,475.0,452.0,0.0,1.0,0.7818314824680298,0.6234898018587336,Severe,501.0,Severe,1,False,,0.9986586168103858
2019-01-02,331.2,515.72,101.08,75.06,133.85,63.63,2.78,18.27,43.3,10.04,58.7,501.0,475.0,509.0,405.0,465.7142857142857,0.0,1.0,0.9749279121818236,-0.22252093395631434,Severe,537.0,Severe,1,False,,0.999621957031914
2019-01-03,355.4,519.34,77.92,66.2,106.99,61.02,2.55,15.12,39.77,8.91,56.57,537.0,501.0,475.0,458.0,477.0,0.0,1.0,0.43388373911755823,-0.900968867902419,Severe,432.0,Severe,1,False,,0.9996314226775602
2019-01-04,246.46,388.79,47.83,57.53,74.39,53.09,2.01,13.22,28.75,6.78,40.5,432.0,537.0,501.0,413.0,479.7142857142857,0.0,1.0,-0.433883739117558,-0.9009688679024191,Severe,440.0,Severe,1,False,,0.9868568752310647
2019-01-05,262.53,411.49,64.97,60.35,90.67,56.49,2.23,15.59,36.33,8.5,51.69,440.0,432.0,537.0,420.0,482.57142857142856,0.0,1.0,-0.9749279121818236,-0.2225209339563146,Severe,371.0,Very Poor,1,False,,0.9917089387027638
2019-01-06,174.26,254.66,28.3,51.94,54.18,55.71,1.49,13.65,31.48,5.08,31.15,371.0,440.0,432.0,484.0,466.42857142857144,0.0,1.0,-0.7818314824680299,0.6234898018587334,Very Poor,331.0,Very Poor,1,False,,0.8199440704772926
2019-01-07,181.74,283.88,49.0,52.45,72.14,56.06,1.57,15.49,27.11,5.29,34.1,331.0,371.0,440.0,509.0,441.0,0.0,1.0,0.0,1.0,Very Poor,340.0,Very Poor,1,False,,0.87675709344934
2019-01-08,156.26,242.02,31.32,48.95,54.76,49.69,1.31,14.67,27.37,4.16,24.24,340.0,331.0,371.0,475.0,421.7142857142857,0.0,1.0,0.7818314824680298,0.6234898018587336,Very Poor,321.0,Very Poor,1,False,,0.7471495204137512
2019-01-09,143.66,238.94,26.14,49.49,50.88,43.53,1.3,15.09,30.9,3.91,22.96,321.0,340.0,331.0,501.0,396.0,0.0,1.0,0.9749279121818236,-0.22252093395631434,Very Poor,317.0,Very Poor,1,False,,0.7041287844725642
2019-01-10,165.95,278.87,54.31,58.22,80.36,44.67,1.75,16.81,30.92,5.15,33.81,317.0,321.0,340.0,537.0,364.57142857142856,0.0,1.0,0.43388373911755823,-0.900968867902419,Very Poor,401.0,Severe,1,False,,0.8570901142371661
2019-01-11,278.95,432.2,118.55,76.71,151.4,56.53,2.9,20.03,35.61,10.0,73.38,401.0,317.0,321.0,432.0,360.14285714285717,0.0,1.0,-0.433883739117558,-0.9009688679024191,Severe,482.0,Severe,1,False,,0.9946068065683559
2019-01-12,311.03,465.89,117.23,85.14,148.93,63.46,3.11,17.81,39.78,10.49,73.27,482.0,401.0,317.0,440.0,366.14285714285717,0.0,1.0,-0.9749279121818236,-0.2225209339563146,Severe,464.0,Severe,1,False,,0.9983272282255985
2019-01-13,272.45,403.32,64.96,66.11,94.9,63.66,2.36,17.83,37.53,7.7,50.53,464.0,482.0,401.0,371.0,379.42857142857144,0.0,1.0,-0.7818314824680299,0.6234898018587334,Severe,320.0,Very Poor,1,False,,0.9903923329853019
2019-01-14,94.44,173.94,18.5,42.16,40.87,40.52,1.04,15.05,31.33,2.77,19.45,320.0,464.0,482.0,331.0,377.85714285714283,0.0,1.0,0.0,1.0,Very Poor,248.0,Poor,0,True,turns better,0.29242613853598703
2019-01-15,134.57,229.1,36.34,52.45,61.72,39.74,1.37,17.09,29.85,3.88,24.31,248.0,320.0,464.0,340.0,364.7142857142857,0.0,1.0,0.7818314824680298,0.6234898018587336,Poor,383.0,Very Poor,1,True,turns bad,0.5471174777599164
2019-01-16,271.96,424.07,108.12,83.75,142.71,55.19,2.58,20.35,33.75,8.8,53.96,383.0,248.0,320.0,321.0,373.57142857142856,0.0,1.0,0.9749279121818236,-0.22252093395631434,Very Poor,515.0,Severe,1,False,,0.9941319830028623
2019-01-17,358.91,519.49,108.96,84.74,147.7,60.95,3.13,19.63,39.76,10.74,66.34,515.0,383.0,248.0,317.0,401.85714285714283,0.0,1.0,0.43388373911755823,-0.900968867902419,Severe,437.0,Severe,1,False,,0.9995397733407909
2019-01-18,237.22,364.61,56.97,68.58,88.33,48.6,2.06,14.7,30.35,7.09,44.42,437.0,515.0,383.0,401.0,407.0,0.0,1.0,-0.433883739117558,-0.9009688679024191,Severe,411.0,Severe,1,False,,0.9806192626166059
2019-01-19,262.68,402.21,100.7,77.9,133.24,50.3,2.35,18.07,34.75,8.27,55.89,411.0,437.0,515.0,482.0,396.85714285714283,0.0,1.0,-0.9749279121818236,-0.2225209339563146,Severe,480.0,Severe,1,False,,0.9939097099128698
2019-01-20,314.59,478.43,158.63,106.04,195.81,62.37,3.66,20.98,45.03,12.17,92.09,480.0,411.0,437.0,464.0,399.14285714285717,0.0,1.0,-0.7818314824680299,0.6234898018587334,Severe,413.0,Severe,1,False,,0.9994320857500847
2019-01-21,175.49,289.4,58.34,63.04,85.11,57.52,1.83,16.82,32.77,6.36,36.57,413.0,480.0,411.0,320.0,412.42857142857144,0.0,1.0,0.0,1.0,Severe,174.0,Moderate,0,True,turns better,0.9051802291825567
2019-01-22,53.25,72.61,14.1,38.56,34.22,39.73,1.01,11.87,27.01,2.16,19.7,174.0,413.0,480.0,248.0,401.85714285714283,0.0,1.0,0.7818314824680298,0.6234898018587336,Moderate,186.0,Moderate,0,False,,0.047823071225592526
2019-01-23,135.68,211.71,55.53,48.14,76.5,42.37,1.62,14.17,26.51,5.6,40.42,186.0,174.0,413.0,383.0,373.7142857142857,0.0,1.0,0.9749279121818236,-0.22252093395631434,Moderate,328.0,Very Poor,1,True,turns bad,0.44136498602131097
2019-01-24,130.59,218.93,37.42,44.11,58.86,41.06,1.44,15.29,30.57,4.78,44.97,328.0,186.0,174.0,515.0,347.0,0.0,1.0,0.43388373911755823,-0.900968867902419,Very Poor,188.0,Moderate,0,True,turns better,0.44192279985189237
2019-01-25,81.2,136.43,16.96,40.03,38.45,34.17,1.01,14.62,30.01,2.42,27.94,188.0,328.0,186.0,437.0,311.42857142857144,0.0,1.0,-0.433883739117558,-0.9009688679024191,Moderate,231.0,Poor,0,False,,0.07428245350183164
2019-01-26,101.61,169.32,15.3,38.43,35.94,33.64,0.98,14.48,35.41,2.57,16.99,231.0,188.0,328.0,411.0,285.7142857142857,0.0,1.0,-0.9749279121818236,-0.2225209339563146,Poor,275.0,Poor,0,False,,0.13145368426151385
2019-01-27,136.47,217.45,19.78,45.27,42.16,35.34,1.1,15.89,33.34,3.13,19.33,275.0,231.0,188.0,480.0,256.42857142857144,0.0,1.0,-0.7818314824680299,0.6234898018587334,Poor,301.0,Very Poor,1,True,turns bad,0.32493162028850847
2019-01-28,126.48,212.42,22.97,49.13,46.7,34.49,1.06,15.76,33.6,3.19,20.16,301.0,275.0,231.0,413.0,240.42857142857142,0.0,1.0,0.0,1.0,Very Poor,297.0,Poor,0,True,turns better,0.34335406572123633
2019-01-29,142.0,235.85,33.51,51.47,58.67,36.19,1.24,18.56,33.83,3.87,27.11,297.0,301.0,275.0,174.0,258.0,0.0,1.0,0.7818314824680298,0.6234898018587336,Poor,342.0,Very Poor,1,True,turns bad,0.41236502327034114
2019-01-30,206.14,334.21,61.02,63.7,89.54,42.99,1.76,24.75,35.84,5.45,42.52,342.0,297.0,301.0,186.0,280.2857142857143,0.0,1.0,0.9749279121818236,-0.22252093395631434,Very Poor,397.0,Very Poor,1,False,,0.8875648783450845
2019-01-31,204.25,335.07,72.47,65.7,101.46,49.6,1.9,20.48,37.52,6.82,50.25,397.0,342.0,297.0,328.0,290.14285714285717,0.0,1.0,0.43388373911755823,-0.900968867902419,Very Poor,329.0,Very Poor,1,False,,0.9341340938315276
2019-02-01,178.68,265.65,23.24,50.75,48.72,49.42,1.34,17.83,33.12,4.43,26.59,329.0,397.0,342.0,188.0,310.2857142857143,0.49999999999999994,0.8660254037844387,-0.433883739117558,-0.9009688679024191,Very Poor,338.0,Very Poor,1,False,,0.5759895411167242
2019-02-02,177.32,266.3,17.57,35.89,35.82,43.55,1.24,11.55,30.88,3.93,22.16,338.0,329.0,397.0,231.0,325.57142857142856,0.49999999999999994,0.8660254037844387,-0.9749279121818236,-0.2225209339563146,Very Poor,323.0,Very Poor,1,False,,0.4969518271057697
2019-02-03,131.1,209.41,20.77,34.53,37.93,40.43,1.32,11.7,29.44,3.28,20.96,323.0,338.0,329.0,275.0,332.42857142857144,0.49999999999999994,0.8660254037844387,-0.7818314824680299,0.6234898018587334,Very Poor,301.0,Very Poor,1,False,,0.2510802466139209
2019-02-04,144.62,248.49,53.8,52.85,76.95,39.88,1.81,14.06,33.42,4.9,33.18,301.0,323.0,338.0,301.0,332.42857142857144,0.49999999999999994,0.8660254037844387,0.0,1.0,Very Poor,398.0,Very Poor,1,False,,0.5384571779612198
2019-02-05,256.33,408.32,122.8,75.89,153.6,53.81,2.95,22.38,46.33,8.99,77.07,398.0,301.0,323.0,297.0,346.85714285714283,0.49999999999999994,0.8660254037844387,0.7818314824680298,0.6234898018587336,Very Poor,380.0,Very Poor,1,False,,0.9871949087655834
2019-02-06,177.25,270.92,39.1,50.55,62.85,53.76,1.64,15.59,34.4,5.1,33.57,380.0,398.0,301.0,342.0,352.2857142857143,0.49999999999999994,0.8660254037844387,0.9749279121818236,-0.22252093395631434,Very Poor,233.0,Poor,0,True,turns better,0.7866357901136005
2019-02-07,65.65,107.83,12.05,30.8,27.94,37.84,0.84,11.12,30.25,2.15,16.32,233.0,380.0,398.0,397.0,328.85714285714283,0.49999999999999994,0.8660254037844387,0.43388373911755823,-0.900968867902419,Poor,136.0,Moderate,0,False,,0.06851873253594476
2019-02-08,72.29,156.6,31.23,39.24,49.45,29.11,0.94,12.66,30.59,2.78,24.72,136.0,233.0,380.0,329.0,301.2857142857143,0.49999999999999994,0.8660254037844387,-0.433883739117558,-0.9009688679024191,Moderate,169.0,Moderate,0,False,,0.05415783588014444
2019-02-09,82.5,165.94,22.67,38.31,41.45,28.42,0.96,13.25,33.55,2.51,21.49,169.0,136.0,233.0,338.0,277.14285714285717,0.49999999999999994,0.8660254037844387,-0.9749279121818236,-0.2225209339563146,Moderate,277.0,Poor,0,False,,0.045814067049302167
2019-02-10,143.31,255.47,47.91,49.26,69.38,33.83,1.36,16.41,33.03,4.12,28.28,277.0,169.0,136.0,323.0,270.57142857142856,0.49999999999999994,0.8660254037844387,-0.7818314824680299,0.6234898018587334,Poor,332.0,Very Poor,1,True,turns bad,0.32638014900726814
2019-02-11,173.61,304.98,72.35,58.56,95.55,39.17,1.78,17.52,37.03,5.97,41.78,332.0,277.0,169.0,301.0,275.0,0.49999999999999994,0.8660254037844387,0.0,1.0,Very Poor,357.0,Very Poor,1,False,,0.7258201974361611
2019-02-12,208.64,357.36,74.17,66.37,101.01,46.24,2.09,19.93,43.29,7.38,59.23,357.0,332.0,277.0,398.0,269.14285714285717,0.49999999999999994,0.8660254037844387,0.7818314824680298,0.6234898018587336,Very Poor,372.0,Very Poor,1,False,,0.9297562234378183
2019-02-13,198.26,336.99,65.24,70.04,96.09,47.95,1.94,18.61,43.36,6.6,46.95,372.0,357.0,332.0,380.0,268.0,0.49999999999999994,0.8660254037844387,0.9749279121818236,-0.22252093395631434,Very Poor,350.0,Very Poor,1,False,,0.9273089125127438
2019-02-14,153.73,237.08,27.78,53.15,54.06,45.64,1.42,14.53,32.61,4.69,29.52,350.0,372.0,357.0,233.0,284.7142857142857,0.49999999999999994,0.8660254037844387,0.43388373911755823,-0.900968867902419,Very Poor,275.0,Poor,0,True,turns better,0.5237822567361248
2019-02-15,123.46,194.76,25.13,44.28,45.94,39.19,1.22,15.38,28.15,3.64,24.5,275.0,350.0,372.0,136.0,304.57142857142856,0.49999999999999994,0.8660254037844387,-0.433883739117558,-0.9009688679024191,Poor,288.0,Poor,0,False,,0.18289574947570936
2019-02-16,112.34,181.64,17.27,33.33,33.34,35.16,1.13,12.92,26.45,2.79,20.22,288.0,275.0,350.0,169.0,321.57142857142856,0.49999999999999994,0.8660254037844387,-0.9749279121818236,-0.2225209339563146,Poor,247.0,Poor,0,False,,0.10604715439352769
2019-02-17,99.27,180.93,23.24,42.59,41.77,31.82,1.09,15.14,34.81,2.82,20.46,247.0,288.0,275.0,277.0,317.2857142857143,0.49999999999999994,0.8660254037844387,-0.7818314824680299,0.6234898018587334,Poor,278.0,Poor,0,False,,0.11406892586264156
2019-02-18,109.11,215.05,32.98,56.12,56.8,33.82,1.18,16.78,33.69,3.38,26.07,278.0,247.0,288.0,332.0,309.57142857142856,0.49999999999999994,0.8660254037844387,0.0,1.0,Poor,232.0,Poor,0,False,,0.2542965607738802
2019-02-19,126.12,229.75,40.67,55.44,65.95,41.33,1.56,15.93,36.66,3.97,34.03,232.0,278.0,247.0,357.0,291.7142857142857,0.49999999999999994,0.8660254037844387,0.7818314824680298,0.6234898018587336,Poor,305.0,Very Poor,1,True,turns bad,0.3463116810490478
2019-02-20,102.3,185.4,38.46,51.88,63.41,41.41,1.4,17.16,23.68,4.45,40.74,305.0,232.0,278.0,372.0,282.14285714285717,0.49999999999999994,0.8660254037844387,0.9749279121818236,-0.22252093395631434,Very Poor,158.0,Moderate,0,True,turns better,0.2244889408830787
2019-02-21,73.33,178.07,46.44,47.15,67.04,38.24,1.37,20.1,34.41,3.76,31.74,158.0,305.0,232.0,350.0,254.71428571428572,0.49999999999999994,0.8660254037844387,0.43388373911755823,-0.900968867902419,Moderate,191.0,Moderate,0,False,,0.10490577564870851
2019-02-22,73.9,147.86,25.55,33.95,41.61,39.11,1.07,13.94,28.45,3.24,24.76,191.0,158.0,305.0,275.0,242.71428571428572,0.49999999999999994,0.8660254037844387,-0.433883739117558,-0.9009688679024191,Moderate,116.0,Moderate,0,False,,0.0395085860727492
2019-02-23,56.51,115.07,11.62,36.12,30.5,26.26,0.85,15.66,37.26,2.09,15.68,116.0,191.0,158.0,288.0,218.14285714285714,0.49999999999999994,0.8660254037844387,-0.9749279121818236,-0.2225209339563146,Moderate,169.0,Moderate,0,False,,0.01405029777266382
2019-02-24,89.34,161.89,19.34,46.26,42.89,29.95,1.03,18.99,38.02,2.43,22.6,169.0,116.0,191.0,247.0,207.0,0.49999999999999994,0.8660254037844387,-0.7818314824680299,0.6234898018587334,Moderate,221.0,Poor,0,False,,0.03786217426948727
2019-02-25,92.36,172.59,35.85,53.86,62.0,34.51,1.24,18.07,42.49,3.13,31.49,221.0,169.0,116.0,278.0,198.85714285714286,0.49999999999999994,0.8660254037844387,0.0,1.0,Poor,144.0,Moderate,0,False,,0.07578252535368718
2019-02-26,59.97,120.3,24.36,50.31,48.45,32.19,0.95,16.88,32.19,2.49,28.02,144.0,221.0,169.0,232.0,186.28571428571428,0.49999999999999994,0.8660254037844387,0.7818314824680298,0.6234898018587336,Moderate,112.0,Moderate,0,False,,0.02351722799806791
2019-02-27,47.18,91.52,14.25,35.07,33.41,26.57,0.79,12.52,31.38,1.67,20.26,112.0,144.0,221.0,305.0,158.71428571428572,0.49999999999999994,0.8660254037844387,0.9749279121818236,-0.22252093395631434,Moderate,198.0,Moderate,0,False,,0.012350584734968835
2019-02-28,96.38,180.46,40.92,45.02,60.89,31.23,1.25,16.98,35.95,3.14,31.82,198.0,112.0,144.0,158.0,164.42857142857142,0.49999999999999994,0.8660254037844387,0.43388373911755823,-0.900968867902419,Moderate,222.0,Poor,0,False,,0.058960409643229204
2019-03-01,93.83,181.26,37.55,48.87,60.61,30.2,1.17,15.81,37.75,3.02,33.92,222.0,198.0,112.0,191.0,168.85714285714286,0.8660254037844386,0.5000000000000001,-0.433883739117558,-0.9009688679024191,Poor,227.0,Poor,0,False,,0.045119024195087634
2019-03-02,109.6,182.54,40.68,62.05,70.66,36.48,1.36,17.96,25.07,4.51,41.24,227.0,222.0,198.0,116.0,184.71428571428572,0.8660254037844386,0.5000000000000001,-0.9749279121818236,-0.2225209339563146,Poor,172.0,Moderate,0,False,,0.056087490483570944
2019-03-03,62.92,105.16,20.21,40.61,41.09,30.98,1.16,13.48,33.59,2.32,25.83,172.0,227.0,222.0,169.0,185.14285714285714,0.8660254037844386,0.5000000000000001,-0.7818314824680299,0.6234898018587334,Moderate,217.0,Poor,0,False,,0.011203641768302457
2019-03-04,105.93,180.84,49.62,40.1,67.55,37.26,1.54,14.75,38.13,3.92,33.07,217.0,172.0,227.0,221.0,184.57142857142858,0.8660254037844386,0.5000000000000001,0.0,1.0,Poor,173.0,Moderate,0,False,,0.07397233453038067
2019-03-05,68.86,135.4,18.77,40.05,37.94,28.71,1.01,14.26,36.3,2.73,21.24,173.0,217.0,172.0,144.0,188.71428571428572,0.8660254037844386,0.5000000000000001,0.7818314824680298,0.6234898018587336,Moderate,189.0,Moderate,0,False,,0.021136013857480426
2019-03-06,83.45,168.32,32.02,45.3,53.83,29.05,1.25,15.16,33.71,3.38,28.52,189.0,173.0,217.0,112.0,199.71428571428572,0.8660254037844386,0.5000000000000001,0.9749279121818236,-0.22252093395631434,Moderate,228.0,Poor,0,False,,0.04154321756961614
2019-03-07,104.61,212.7,55.04,51.9,78.33,32.79,1.48,16.39,39.32,5.34,40.26,228.0,189.0,173.0,198.0,204.0,0.8660254037844386,0.5000000000000001,0.43388373911755823,-0.900968867902419,Poor,220.0,Poor,0,False,,0.12649109723297564
2019-03-08,92.07,199.28,38.94,51.75,63.98,32.86,1.27,17.44,37.86,4.78,39.27,220.0,228.0,189.0,222.0,203.71428571428572,0.8660254037844386,0.5000000000000001,-0.433883739117558,-0.9009688679024191,Poor,194.0,Moderate,0,False,,0.07229135793762179
2019-03-09,73.31,162.18,20.1,40.84,41.64,30.68,0.99,17.3,33.51,3.06,27.63,194.0,220.0,228.0,227.0,199.0,0.8660254037844386,0.5000000000000001,-0.9749279121818236,-0.2225209339563146,Moderate,157.0,Moderate,0,False,,0.02525014711341062
2019-03-10,73.98,163.8,20.28,44.17,43.2,27.17,0.96,16.36,44.11,3.34,22.35,157.0,194.0,220.0,172.0,196.85714285714286,0.8660254037844386,0.5000000000000001,-0.7818314824680299,0.6234898018587334,Moderate,190.0,Moderate,0,False,,0.024322076792836104
2019-03-11,82.17,205.43,27.71,52.91,53.94,30.69,1.24,18.44,42.09,4.35,28.53,190.0,157.0,194.0,217.0,193.0,0.8660254037844386,0.5000000000000001,0.0,1.0,Moderate,149.0,Moderate,0,False,,0.060087929389013486
2019-03-12,57.28,129.4,14.64,37.45,34.98,29.97,0.93,13.82,37.15,2.9,28.82,149.0,190.0,157.0,173.0,189.57142857142858,0.8660254037844386,0.5000000000000001,0.7818314824680298,0.6234898018587336,Moderate,168.0,Moderate,0,False,,0.012927252162503516
2019-03-13,89.17,231.19,31.0,57.03,59.86,32.39,1.27,22.48,33.94,4.61,38.19,168.0,149.0,190.0,189.0,186.57142857142858,0.8660254037844386,0.5000000000000001,0.9749279121818236,-0.22252093395631434,Moderate,281.0,Poor,0,False,,0.07934928533492643
2019-03-14,111.2,217.74,45.43,48.81,69.01,39.07,1.36,17.54,28.81,5.84,43.04,281.0,168.0,149.0,228.0,194.14285714285714,0.8660254037844386,0.5000000000000001,0.43388373911755823,-0.900968867902419,Poor,183.0,Moderate,0,False,,0.13325452865970366
2019-03-15,74.88,144.35,30.36,41.27,50.74,32.74,1.0,16.21,33.4,3.55,26.99,183.0,281.0,168.0,220.0,188.85714285714286,0.8660254037844386,0.5000000000000001,-0.433883739117558,-0.9009688679024191,Moderate,143.0,Moderate,0,False,,0.028363990672999512
2019-03-16,68.64,140.6,15.28,40.6,37.43,27.95,0.92,15.72,43.66,2.82,19.21,143.0,183.0,281.0,194.0,181.57142857142858,0.8660254037844386,0.5000000000000001,-0.9749279121818236,-0.2225209339563146,Moderate,198.0,Moderate,0,False,,0.017566459475567182
2019-03-17,93.61,184.01,26.28,46.88,50.26,30.56,1.07,19.96,42.0,3.79,26.23,198.0,143.0,183.0,157.0,187.42857142857142,0.8660254037844386,0.5000000000000001,-0.7818314824680299,0.6234898018587334,Moderate,221.0,Poor,0,False,,0.03964420725616163
2019-03-18,100.32,202.01,30.43,50.33,56.61,32.06,1.19,20.36,43.21,4.13,28.14,221.0,198.0,143.0,190.0,191.85714285714286,0.8660254037844386,0.5000000000000001,0.0,1.0,Poor,239.0,Poor,0,False,,0.07635417152093943
2019-03-19,103.77,227.07,43.9,55.47,71.06,33.86,1.29,20.72,40.14,4.94,35.57,239.0,221.0,198.0,149.0,204.71428571428572,0.8660254037844386,0.5000000000000001,0.7818314824680298,0.6234898018587336,Poor,234.0,Poor,0,False,,0.1381309128461275
2019-03-20,89.82,237.61,37.34,54.67,64.3,36.5,1.35,21.42,40.41,4.72,32.18,234.0,239.0,221.0,168.0,214.14285714285714,0.8660254037844386,0.5000000000000001,0.9749279121818236,-0.22252093395631434,Poor,272.0,Poor,0,False,,0.1442811037757621
2019-03-21,112.29,197.17,20.46,34.63,37.11,39.26,1.34,19.99,46.64,4.69,20.48,272.0,234.0,239.0,281.0,212.85714285714286,0.8660254037844386,0.5000000000000001,0.43388373911755823,-0.900968867902419,Poor,141.0,Moderate,0,False,,0.15939418090759472
2019-03-22,38.43,119.87,13.54,32.19,28.73,27.85,0.74,16.06,46.73,1.85,12.49,141.0,272.0,234.0,183.0,206.85714285714286,0.8660254037844386,0.5000000000000001,-0.433883739117558,-0.9009688679024191,Moderate,131.0,Moderate,0,False,,0.011463803852459008
2019-03-23,55.62,138.56,8.76,34.57,27.32,26.54,0.89,17.52,52.24,2.27,14.11,131.0,141.0,272.0,143.0,205.14285714285714,0.8660254037844386,0.5000000000000001,-0.9749279121818236,-0.2225209339563146,Moderate,126.0,Moderate,0,False,,0.011994989526991316
2019-03-24,53.28,133.47,12.55,34.25,30.81,27.52,0.82,19.06,42.57,2.1,18.18,126.0,131.0,141.0,198.0,194.85714285714286,0.8660254037844386,0.5000000000000001,-0.7818314824680299,0.6234898018587334,Moderate,136.0,Moderate,0,False,,0.009024657354665054
2019-03-25,65.0,150.34,11.9,34.84,30.48,30.32,0.93,20.19,36.06,2.59,18.57,136.0,126.0,131.0,221.0,182.71428571428572,0.8660254037844386,0.5000000000000001,0.0,1.0,Moderate,162.0,Moderate,0,False,,0.014935639185988126
2019-03-26,75.82,169.16,16.61,40.8,37.75,29.95,1.04,19.26,41.35,3.25,20.89,162.0,136.0,126.0,239.0,171.71428571428572,0.8660254037844386,0.5000000000000001,0.7818314824680298,0.6234898018587336,Moderate,177.0,Moderate,0,False,,0.032674629228053496
2019-03-27,78.37,186.49,26.56,49.68,50.71,29.54,1.22,20.35,43.23,3.96,26.16,177.0,162.0,136.0,234.0,163.57142857142858,0.8660254037844386,0.5000000000000001,0.9749279121818236,-0.22252093395631434,Moderate,245.0,Poor,0,False,,0.056096278300994076
2019-03-28,116.55,260.26,55.47,60.18,81.85,34.47,1.76,24.86,48.44,6.64,46.43,245.0,177.0,162.0,272.0,159.71428571428572,0.8660254037844386,0.5000000000000001,0.43388373911755823,-0.900968867902419,Poor,273.0,Poor,0,False,,0.27238705293261506
2019-03-29,112.67,257.27,62.67,60.4,89.35,40.53,1.8,19.52,46.51,6.85,54.66,273.0,245.0,177.0,141.0,178.57142857142858,0.8660254037844386,0.5000000000000001,-0.433883739117558,-0.9009688679024191,Poor,252.0,Poor,0,False,,0.196600842479715
2019-03-30,102.27,238.99,38.68,53.75,64.31,41.4,1.51,22.39,51.49,5.34,39.48,252.0,273.0,245.0,131.0,195.85714285714286,0.8660254037844386,0.5000000000000001,-0.9749279121818236,-0.2225209339563146,Poor,198.0,Moderate,0,False,,0.12251668118820833
2019-03-31,58.96,177.53,15.14,38.42,35.27,32.06,0.94,18.9,48.72,2.54,19.16,198.0,252.0,273.0,126.0,206.14285714285714,0.8660254037844386,0.5000000000000001,-0.7818314824680299,0.6234898018587334,Moderate,153.0,Moderate,0,False,,0.02497406998372221
2019-04-01,59.08,170.14,11.3,38.55,32.02,27.21,0.88,20.09,54.95,2.46,14.87,153.0,198.0,252.0,136.0,208.57142857142858,1.0,6.123233995736766e-17,0.0,1.0,Moderate,194.0,Moderate,0,False,,0.019626996033984784
2019-04-02,90.1,211.47,29.38,55.76,57.47,29.3,1.19,24.4,54.67,4.02,27.15,194.0,153.0,198.0,162.0,213.14285714285714,1.0,6.123233995736766e-17,0.7818314824680298,0.6234898018587336,Moderate,208.0,Poor,0,False,,0.07675920358795324
2019-04-03,85.02,206.04,30.83,54.91,58.01,30.85,1.32,21.6,51.06,4.1,30.97,208.0,194.0,153.0,177.0,217.57142857142858,1.0,6.123233995736766e-17,0.9749279121818236,-0.22252093395631434,Poor,260.0,Poor,0,False,,0.07533488678047222
2019-04-04,119.71,270.77,53.23,63.62,81.06,37.04,1.8,29.11,60.25,6.57,44.58,260.0,208.0,194.0,245.0,219.71428571428572,1.0,6.123233995736766e-17,0.43388373911755823,-0.900968867902419,Poor,284.0,Poor,0,False,,0.33317349433877985
2019-04-05,125.44,281.53,61.96,64.7,90.76,41.23,1.96,28.67,57.0,6.53,44.11,284.0,260.0,208.0,273.0,221.28571428571428,1.0,6.123233995736766e-17,-0.433883739117558,-0.9009688679024191,Poor,269.0,Poor,0,False,,0.40539583720627625
2019-04-06,96.6,303.71,29.62,48.72,53.28,37.35,1.32,23.23,50.84,4.68,31.87,269.0,284.0,260.0,252.0,223.71428571428572,1.0,6.123233995736766e-17,-0.9749279121818236,-0.2225209339563146,Poor,315.0,Very Poor,1,True,turns bad,0.19202905099216408
2019-04-07,152.91,355.22,31.7,44.64,52.96,52.01,1.49,21.35,53.16,5.88,27.68,315.0,269.0,284.0,198.0,240.42857142857142,1.0,6.123233995736766e-17,-0.7818314824680299,0.6234898018587334,Very Poor,284.0,Poor,0,True,turns better,0.4974654394994644
2019-04-08,81.3,280.23,24.07,45.87,47.31,41.0,1.06,15.1,51.32,2.83,23.2,284.0,315.0,269.0,153.0,259.14285714285717,1.0,6.123233995736766e-17,0.0,1.0,Poor,240.0,Poor,0,False,,0.12853199046210617
2019-04-09,87.74,225.5,33.85,53.88,60.44,38.26,1.44,22.03,57.86,4.92,31.98,240.0,284.0,315.0,194.0,265.7142857142857,1.0,6.123233995736766e-17,0.7818314824680298,0.6234898018587336,Poor,263.0,Poor,0,False,,0.15396350396919767
2019-04-10,101.94,247.53,55.11,56.82,80.11,40.97,1.76,20.84,50.86,6.07,38.21,263.0,240.0,284.0,208.0,273.57142857142856,1.0,6.123233995736766e-17,0.9749279121818236,-0.22252093395631434,Poor,196.0,Moderate,0,False,,0.27121071272343295
2019-04-11,70.25,204.19,29.03,47.54,53.99,34.96,1.21,21.51,48.59,3.28,32.83,196.0,263.0,240.0,260.0,264.42857142857144,1.0,6.123233995736766e-17,0.43388373911755823,-0.900968867902419,Moderate,202.0,Poor,0,False,,0.06515562187000733
2019-04-12,61.34,217.0,19.27,40.09,40.63,34.06,1.12,19.48,51.94,2.79,27.97,202.0,196.0,263.0,284.0,252.71428571428572,1.0,6.123233995736766e-17,-0.433883739117558,-0.9009688679024191,Poor,175.0,Moderate,0,False,,0.04573917822696564
2019-04-13,55.93,175.93,15.35,37.89,35.19,33.66,1.06,20.82,45.3,2.42,25.55,175.0,202.0,196.0,269.0,239.28571428571428,1.0,6.123233995736766e-17,-0.9749279121818236,-0.2225209339563146,Moderate,150.0,Moderate,0,False,,0.019512048870679432
2019-04-14,51.51,168.11,15.19,36.61,34.28,29.84,1.02,20.65,41.86,2.02,20.11,150.0,175.0,202.0,315.0,215.71428571428572,1.0,6.123233995736766e-17,-0.7818314824680299,0.6234898018587334,Moderate,163.0,Moderate,0,False,,0.016694939175319348
2019-04-15,54.84,187.59,29.69,41.92,50.81,29.21,1.28,22.2,42.3,2.74,25.15,163.0,150.0,175.0,284.0,198.42857142857142,1.0,6.123233995736766e-17,0.0,1.0,Moderate,206.0,Poor,0,False,,0.02711228205147695
2019-04-16,59.08,186.75,17.1,35.01,35.08,30.98,1.1,12.59,47.49,2.52,18.41,206.0,163.0,150.0,240.0,193.57142857142858,1.0,6.123233995736766e-17,0.7818314824680298,0.6234898018587336,Poor,102.0,Moderate,0,False,,0.029863415277635256
2019-04-17,22.14,62.49,9.73,26.84,23.56,26.7,0.9,11.1,45.44,1.16,10.16,102.0,206.0,163.0,263.0,170.57142857142858,1.0,6.123233995736766e-17,0.9749279121818236,-0.22252093395631434,Moderate,104.0,Moderate,0,False,,0.004614138256079833
2019-04-18,38.92,91.55,15.97,39.07,35.02,26.28,1.01,15.05,50.12,2.26,16.68,104.0,102.0,206.0,196.0,157.42857142857142,1.0,6.123233995736766e-17,0.43388373911755823,-0.900968867902419,Moderate,151.0,Moderate,0,False,,0.0068232403226284235
2019-04-19,71.62,155.39,26.94,47.56,49.15,29.85,1.24,21.22,45.45,3.13,22.01,151.0,104.0,102.0,202.0,150.14285714285714,1.0,6.123233995736766e-17,-0.433883739117558,-0.9009688679024191,Moderate,199.0,Moderate,0,False,,0.0191542143969953
2019-04-20,90.55,193.76,30.3,55.28,56.28,29.35,1.42,26.03,55.67,3.8,21.84,199.0,151.0,104.0,175.0,153.57142857142858,1.0,6.123233995736766e-17,-0.9749279121818236,-0.2225209339563146,Moderate,225.0,Poor,0,False,,0.04763010240401904
2019-04-21,95.24,219.06,44.24,58.95,69.32,31.53,1.66,22.16,50.13,4.44,29.87,225.0,199.0,151.0,150.0,164.28571428571428,1.0,6.123233995736766e-17,-0.7818314824680299,0.6234898018587334,Poor,246.0,Poor,0,False,,0.07772984522551216
2019-04-22,110.16,255.31,48.31,61.72,74.42,36.99,1.87,29.31,56.24,5.89,36.82,246.0,225.0,199.0,163.0,176.14285714285714,1.0,6.123233995736766e-17,0.0,1.0,Poor,257.0,Poor,0,False,,0.19795699778543546
2019-04-23,104.17,277.28,56.94,63.45,83.46,38.2,1.92,25.76,53.24,6.09,47.16,257.0,246.0,225.0,206.0,183.42857142857142,1.0,6.123233995736766e-17,0.7818314824680298,0.6234898018587336,Poor,232.0,Poor,0,False,,0.26571814587234843
2019-04-24,85.7,262.58,12.55,51.58,39.67,37.64,1.41,19.17,61.45,3.75,25.22,232.0,257.0,246.0,102.0,202.0,1.0,6.123233995736766e-17,0.9749279121818236,-0.22252093395631434,Poor,251.0,Poor,0,False,,0.11504829926702893
2019-04-25,86.41,274.39,9.48,39.89,30.31,40.86,1.31,17.67,65.26,3.38,23.29,251.0,232.0,257.0,104.0,223.0,1.0,6.123233995736766e-17,0.43388373911755823,-0.900968867902419,Poor,223.0,Poor,0,False,,0.10711287412669991
2019-04-26,82.37,244.21,30.38,50.69,52.86,32.2,1.34,26.12,47.45,4.54,35.45,223.0,251.0,232.0,151.0,233.28571428571428,1.0,6.123233995736766e-17,-0.433883739117558,-0.9009688679024191,Poor,248.0,Poor,0,False,,0.08127853083360567
2019-04-27,73.06,301.82,15.19,39.8,34.4,28.15,1.05,21.85,52.16,2.92,23.25,248.0,223.0,251.0,199.0,240.28571428571428,1.0,6.123233995736766e-17,-0.9749279121818236,-0.2225209339563146,Poor,269.0,Poor,0,False,,0.08980098765359006
2019-04-28,76.44,285.73,17.66,40.9,35.31,25.63,1.06,20.02,54.0,2.53,25.12,269.0,248.0,223.0,225.0,246.57142857142858,1.0,6.123233995736766e-17,-0.7818314824680299,0.6234898018587334,Poor,256.0,Poor,0,False,,0.09420460170493782
2019-04-29,84.04,274.83,33.17,52.04,53.91,27.82,1.33,23.71,50.32,4.05,31.9,256.0,269.0,248.0,246.0,248.0,1.0,6.123233995736766e-17,0.0,1.0,Poor,257.0,Poor,0,False,,0.1583977277297338
2019-04-30,95.72,284.13,32.91,59.32,57.61,31.91,1.62,26.58,57.54,4.92,33.92,257.0,256.0,269.0,257.0,248.0,1.0,6.123233995736766e-17,0.7818314824680298,0.6234898018587336,Poor,285.0,Poor,0,False,,0.27871057260524057
2019-05-01,111.57,323.97,35.18,63.15,58.94,36.73,1.61,27.67,65.95,4.87,31.18,285.0,257.0,256.0,232.0,255.57142857142858,0.8660254037844387,-0.49999999999999983,0.9749279121818236,-0.22252093395631434,Poor,275.0,Poor,0,False,,0.4498210358596501
2019-05-02,77.72,282.83,20.46,43.19,36.46,36.44,1.19,18.26,65.33,3.25,24.4,275.0,285.0,257.0,251.0,259.0,0.8660254037844387,-0.49999999999999983,0.43388373911755823,-0.900968867902419,Poor,202.0,Poor,0,False,,0.16723853402316627
2019-05-03,52.16,149.1,25.52,49.82,43.92,32.34,1.09,17.91,64.36,2.63,20.92,202.0,275.0,285.0,223.0,256.0,0.8660254037844387,-0.49999999999999983,-0.433883739117558,-0.9009688679024191,Poor,182.0,Moderate,0,False,,0.032836165029847895
2019-05-04,77.96,196.87,38.81,59.78,54.6,30.39,1.26,18.19,46.34,3.06,23.01,182.0,202.0,275.0,248.0,246.57142857142858,0.8660254037844387,-0.49999999999999983,-0.9749279121818236,-0.2225209339563146,Moderate,231.0,Poor,0,False,,0.05788937802623336
2019-05-05,101.25,249.97,39.94,55.16,57.99,22.41,1.51,21.93,52.97,2.68,20.52,231.0,182.0,202.0,269.0,241.14285714285714,0.8660254037844387,-0.49999999999999983,-0.7818314824680299,0.6234898018587334,Poor,267.0,Poor,0,False,,0.13670240731262498
2019-05-06,118.9,295.84,62.99,70.81,84.3,31.51,1.93,23.72,55.91,5.08,37.46,267.0,231.0,182.0,256.0,242.71428571428572,0.8660254037844387,-0.49999999999999983,0.0,1.0,Poor,310.0,Very Poor,1,True,turns bad,0.37775491657002125
2019-05-07,128.78,378.89,79.63,69.77,103.77,35.25,1.98,22.77,40.32,5.29,41.56,310.0,267.0,231.0,257.0,250.28571428571428,0.8660254037844387,-0.49999999999999983,0.7818314824680298,0.6234898018587336,Very Poor,389.0,Very Poor,1,False,,0.6731515694402663
2019-05-08,143.34,415.23,77.12,60.85,100.34,35.57,2.0,25.84,47.34,6.33,51.12,389.0,310.0,267.0,285.0,265.14285714285717,0.8660254037844387,-0.49999999999999983,0.9749279121818236,-0.22252093395631434,Very Poor,390.0,Very Poor,1,False,,0.8337593725616735
2019-05-09,137.2,414.7,34.13,51.13,57.35,30.33,1.52,23.46,50.71,4.73,35.17,390.0,389.0,310.0,275.0,281.57142857142856,0.8660254037844387,-0.49999999999999983,0.43388373911755823,-0.900968867902419,Very Poor,333.0,Very Poor,1,False,,0.7520437654105241
2019-05-10,95.07,320.44,16.0,38.05,34.62,25.68,1.03,17.6,52.66,3.02,21.93,333.0,390.0,389.0,202.0,300.2857142857143,0.8660254037844387,-0.49999999999999983,-0.433883739117558,-0.9009688679024191,Very Poor,266.0,Poor,0,True,turns better,0.26716202181240795
2019-05-11,101.83,289.05,14.21,42.02,35.69,30.12,1.15,21.6,62.02,3.21,24.68,266.0,333.0,390.0,182.0,312.2857142857143,0.8660254037844387,-0.49999999999999983,-0.9749279121818236,-0.2225209339563146,Poor,352.0,Very Poor,1,True,turns bad,0.17698488938652887
2019-05-12,178.22,503.28,12.49,40.68,33.4,29.53,1.22,19.36,57.85,2.71,18.73,352.0,266.0,333.0,231.0,329.57142857142856,0.8660254037844387,-0.49999999999999983,-0.7818314824680299,0.6234898018587334,Very Poor,376.0,Very Poor,1,False,,0.8125797983421685
2019-05-13,170.81,351.28,19.85,50.88,44.98,36.48,1.51,33.5,67.84,4.4,24.54,376.0,352.0,266.0,267.0,345.14285714285717,0.8660254037844387,-0.49999999999999983,0.0,1.0,Very Poor,217.0,Poor,0,True,turns better,0.7407597990424474
2019-05-14,58.22,124.28,11.9,37.53,30.36,33.9,1.02,13.4,54.85,2.15,21.65,217.0,376.0,352.0,310.0,331.85714285714283,0.8660254037844387,-0.49999999999999983,0.7818314824680298,0.6234898018587336,Poor,194.0,Moderate,0,False,,0.04023856999989344
2019-05-15,84.81,191.04,31.89,57.75,59.46,43.8,1.52,20.93,41.85,5.07,36.61,194.0,217.0,376.0,389.0,304.0,0.8660254037844387,-0.49999999999999983,0.9749279121818236,-0.22252093395631434,Moderate,192.0,Moderate,0,False,,0.13244640054970955
2019-05-16,75.45,218.38,26.79,50.99,51.51,44.72,1.38,15.36,46.97,4.14,31.48,192.0,194.0,217.0,390.0,275.7142857142857,0.8660254037844387,-0.49999999999999983,0.43388373911755823,-0.900968867902419,Moderate,257.0,Poor,0,False,,0.08955166662336961
2019-05-17,92.53,316.4,33.84,45.67,54.56,41.4,1.31,13.26,46.42,3.87,33.11,257.0,192.0,194.0,333.0,264.85714285714283,0.8660254037844387,-0.49999999999999983,-0.433883739117558,-0.9009688679024191,Poor,176.0,Moderate,0,False,,0.1777059637936417
2019-05-18,44.28,106.51,11.87,33.79,29.15,39.74,1.04,10.93,45.46,2.4,20.4,176.0,257.0,192.0,266.0,252.0,0.8660254037844387,-0.49999999999999983,-0.9749279121818236,-0.2225209339563146,Moderate,168.0,Moderate,0,False,,0.00904043668796565
2019-05-19,81.99,162.83,17.04,45.8,40.46,35.4,1.21,17.36,59.34,3.35,20.41,168.0,176.0,257.0,352.0,225.71428571428572,0.8660254037844387,-0.49999999999999983,-0.7818314824680299,0.6234898018587334,Moderate,216.0,Poor,0,False,,0.039979512993995166
2019-05-20,93.97,218.72,34.09,56.55,61.22,35.13,1.35,19.81,53.31,4.38,27.74,216.0,168.0,176.0,376.0,202.85714285714286,0.8660254037844387,-0.49999999999999983,0.0,1.0,Poor,206.0,Poor,0,False,,0.11119895280329663
2019-05-21,77.78,194.58,20.21,47.58,44.25,32.12,1.21,20.15,55.06,3.66,22.84,206.0,216.0,168.0,217.0,201.28571428571428,0.8660254037844387,-0.49999999999999983,0.7818314824680298,0.6234898018587336,Poor,167.0,Moderate,0,False,,0.05431770872396044
2019-05-22,64.24,201.27,32.04,51.8,57.11,32.83,1.5,16.92,38.34,4.15,27.61,167.0,206.0,216.0,194.0,197.42857142857142,0.8660254037844387,-0.49999999999999983,0.9749279121818236,-0.22252093395631434,Moderate,228.0,Poor,0,False,,0.046148322917378394
2019-05-23,92.4,230.0,36.6,52.71,60.95,36.98,1.49,21.68,55.29,5.49,34.62,228.0,167.0,206.0,192.0,202.57142857142858,0.8660254037844387,-0.49999999999999983,0.43388373911755823,-0.900968867902419,Poor,151.0,Moderate,0,False,,0.10432090531698991
2019-05-24,43.86,117.66,20.82,40.33,40.59,45.86,1.21,11.99,31.11,3.49,31.5,151.0,228.0,167.0,257.0,187.42857142857142,0.8660254037844387,-0.49999999999999983,-0.433883739117558,-0.9009688679024191,Moderate,125.0,Moderate,0,False,,0.008379704167667085
2019-05-25,43.66,118.65,11.83,34.52,29.66,33.81,0.99,13.09,51.47,2.65,18.48,125.0,151.0,228.0,176.0,180.14285714285714,0.8660254037844387,-0.49999999999999983,-0.9749279121818236,-0.2225209339563146,Moderate,135.0,Moderate,0,False,,0.006095518037136164
2019-05-26,55.13,136.58,13.32,41.51,34.89,27.2,1.06,17.94,59.94,2.53,23.51,135.0,125.0,151.0,168.0,175.42857142857142,0.8660254037844387,-0.49999999999999983,-0.7818314824680299,0.6234898018587334,Moderate,163.0,Moderate,0,False,,0.00832600469605348
2019-05-27,64.66,172.68,26.16,53.92,53.14,28.45,1.28,18.9,53.59,3.43,30.03,163.0,135.0,125.0,216.0,167.85714285714286,0.8660254037844387,-0.49999999999999983,0.0,1.0,Moderate,175.0,Moderate,0,False,,0.02213524721592948
2019-05-28,65.82,183.77,37.41,61.45,66.06,29.84,1.3,20.59,54.43,4.44,30.24,175.0,163.0,135.0,206.0,163.42857142857142,0.8660254037844387,-0.49999999999999983,0.7818314824680298,0.6234898018587336,Moderate,191.0,Moderate,0,False,,0.04234976242001318
2019-05-29,74.8,202.75,34.62,65.84,68.16,29.53,1.45,23.61,57.99,4.85,34.39,191.0,175.0,163.0,167.0,166.85714285714286,0.8660254037844387,-0.49999999999999983,0.9749279121818236,-0.22252093395631434,Moderate,226.0,Poor,0,False,,0.06459773096931666
2019-05-30,85.21,246.05,69.58,71.8,97.8,33.5,1.75,21.99,49.58,7.68,51.27,226.0,191.0,175.0,228.0,166.57142857142858,0.8660254037844387,-0.49999999999999983,0.43388373911755823,-0.900968867902419,Poor,266.0,Poor,0,False,,0.1615934624733937
2019-05-31,88.57,337.77,44.18,56.83,69.0,34.26,1.47,19.82,58.49,4.7,32.57,266.0,226.0,191.0,151.0,183.0,0.8660254037844387,-0.49999999999999983,-0.433883739117558,-0.9009688679024191,Poor,300.0,Poor,0,False,,0.2028168490792819
2019-06-01,95.4,298.35,45.28,57.24,69.74,40.73,1.56,21.54,64.56,5.58,34.6,300.0,266.0,226.0,125.0,208.0,0.49999999999999994,-0.8660254037844387,-0.9749279121818236,-0.2225209339563146,Poor,222.0,Poor,0,False,,0.20490045000439422
2019-06-02,73.36,219.79,10.15,32.22,26.31,48.12,1.07,14.15,60.84,2.43,13.66,222.0,300.0,266.0,135.0,220.42857142857142,0.49999999999999994,-0.8660254037844387,-0.7818314824680299,0.6234898018587334,Poor,232.0,Poor,0,False,,0.04055577183047397
2019-06-03,66.94,300.7,11.7,30.33,26.82,43.32,1.03,12.64,60.03,1.79,8.62,232.0,222.0,300.0,163.0,230.28571428571428,0.49999999999999994,-0.8660254037844387,0.0,1.0,Poor,212.0,Poor,0,False,,0.08345667098886164
2019-06-04,54.95,171.58,14.93,36.0,32.65,34.34,1.14,13.67,65.82,2.18,16.91,212.0,232.0,222.0,175.0,235.57142857142858,0.49999999999999994,-0.8660254037844387,0.7818314824680298,0.6234898018587336,Poor,190.0,Moderate,0,False,,0.031760211703591966
2019-06-05,73.35,208.72,14.43,42.68,36.36,35.7,1.29,15.82,59.78,3.15,20.62,190.0,212.0,232.0,191.0,235.42857142857142,0.49999999999999994,-0.8660254037844387,0.9749279121818236,-0.22252093395631434,Moderate,209.0,Poor,0,False,,0.058978291952404505
2019-06-06,70.61,236.45,20.85,44.85,42.88,35.27,1.13,16.15,61.04,2.8,23.94,209.0,190.0,212.0,226.0,233.0,0.49999999999999994,-0.8660254037844387,0.43388373911755823,-0.900968867902419,Poor,192.0,Moderate,0,False,,0.06814608169864142
2019-06-07,54.81,152.39,14.19,35.32,32.74,32.37,1.11,14.44,74.12,2.27,18.06,192.0,209.0,190.0,266.0,222.42857142857142,0.49999999999999994,-0.8660254037844387,-0.433883739117558,-0.9009688679024191,Moderate,184.0,Moderate,0,False,,0.023863691628417585
2019-06-08,69.75,187.62,23.42,51.0,50.16,38.84,1.47,13.47,63.64,2.96,25.47,184.0,192.0,209.0,300.0,205.85714285714286,0.49999999999999994,-0.8660254037844387,-0.9749279121818236,-0.2225209339563146,Moderate,237.0,Poor,0,False,,0.04001051029308791
2019-06-09,101.05,265.12,57.24,62.84,85.14,35.74,1.86,21.74,69.14,5.72,39.35,237.0,184.0,192.0,222.0,208.0,0.49999999999999994,-0.8660254037844387,-0.7818314824680299,0.6234898018587334,Poor,230.0,Poor,0,False,,0.1855601073611253
2019-06-10,74.48,233.49,47.15,61.53,76.01,36.64,1.63,15.19,55.95,4.37,34.84,230.0,237.0,184.0,232.0,207.71428571428572,0.49999999999999994,-0.8660254037844387,0.0,1.0,Poor,315.0,Very Poor,1,True,turns bad,0.09771279391147737
2019-06-11,118.38,487.77,44.64,49.86,65.68,32.16,1.41,13.52,39.96,3.41,31.38,315.0,230.0,237.0,212.0,222.42857142857142,0.49999999999999994,-0.8660254037844387,0.7818314824680298,0.6234898018587336,Very Poor,280.0,Poor,0,True,turns better,0.6292543323236465
2019-06-12,59.86,240.88,16.55,30.46,30.61,34.98,0.92,11.57,62.12,1.98,14.48,280.0,315.0,230.0,190.0,235.28571428571428,0.49999999999999994,-0.8660254037844387,0.9749279121818236,-0.22252093395631434,Poor,189.0,Moderate,0,False,,0.07958105924016592
2019-06-13,52.66,189.69,13.33,34.53,31.46,30.0,1.03,11.79,52.93,1.96,17.35,189.0,280.0,315.0,209.0,232.42857142857142,0.49999999999999994,-0.8660254037844387,0.43388373911755823,-0.900968867902419,Moderate,167.0,Moderate,0,False,,0.03366578499023638
2019-06-14,53.79,188.21,18.67,37.07,37.54,23.77,1.07,12.89,59.31,2.32,21.47,167.0,189.0,280.0,192.0,228.85714285714286,0.49999999999999994,-0.8660254037844387,-0.433883739117558,-0.9009688679024191,Moderate,217.0,Poor,0,False,,0.02365045544758411
2019-06-15,81.86,274.68,26.39,47.15,49.69,23.84,1.18,17.56,57.41,3.71,27.52,217.0,167.0,189.0,184.0,233.57142857142858,0.49999999999999994,-0.8660254037844387,-0.9749279121818236,-0.2225209339563146,Poor,205.0,Poor,0,False,,0.07396234059916804
2019-06-16,42.06,160.96,11.58,20.56,21.83,24.86,0.8,9.54,46.81,1.08,12.14,205.0,217.0,167.0,237.0,229.0,0.49999999999999994,-0.8660254037844387,-0.7818314824680299,0.6234898018587334,Poor,126.0,Moderate,0,False,,0.011100766200063955
2019-06-17,40.18,137.08,13.34,27.51,26.75,26.8,0.89,11.07,40.56,1.75,15.55,126.0,205.0,217.0,230.0,214.14285714285714,0.49999999999999994,-0.8660254037844387,0.0,1.0,Moderate,119.0,Moderate,0,False,,0.00856901743742524
2019-06-18,30.39,84.53,15.97,32.32,31.79,25.6,1.03,8.0,48.99,1.92,22.32,119.0,126.0,205.0,315.0,186.14285714285714,0.49999999999999994,-0.8660254037844387,0.7818314824680298,0.6234898018587336,Moderate,173.0,Moderate,0,False,,0.006308958255769764
2019-06-19,79.96,223.08,17.37,37.14,36.51,35.53,1.12,12.69,61.02,2.98,24.24,173.0,119.0,126.0,280.0,170.85714285714286,0.49999999999999994,-0.8660254037844387,0.9749279121818236,-0.22252093395631434,Moderate,175.0,Moderate,0,False,,0.04843173139945196
2019-06-20,42.76,130.88,10.57,31.19,26.95,29.5,0.92,9.7,68.57,1.76,12.68,175.0,173.0,119.0,189.0,168.85714285714286,0.49999999999999994,-0.8660254037844387,0.43388373911755823,-0.900968867902419,Moderate,178.0,Moderate,0,False,,0.01149337943657067
2019-06-21,71.15,188.16,13.56,44.78,37.67,32.14,1.22,12.23,59.68,3.07,24.07,178.0,175.0,173.0,167.0,170.42857142857142,0.49999999999999994,-0.8660254037844387,-0.433883739117558,-0.9009688679024191,Moderate,185.0,Moderate,0,False,,0.024768257929317004
2019-06-22,68.27,177.16,12.77,44.12,37.1,32.1,1.11,14.97,69.18,3.0,23.59,185.0,178.0,175.0,217.0,165.85714285714286,0.49999999999999994,-0.8660254037844387,-0.9749279121818236,-0.2225209339563146,Moderate,153.0,Moderate,0,False,,0.022763182076380225
2019-06-23,42.06,126.12,6.64,23.02,19.84,31.36,0.95,10.11,57.33,1.55,9.57,153.0,185.0,178.0,205.0,158.42857142857142,0.49999999999999994,-0.8660254037844387,-0.7818314824680299,0.6234898018587334,Moderate,118.0,Moderate,0,False,,0.0066890087910211355
2019-06-24,26.29,85.68,9.51,25.93,22.57,28.84,0.92,10.74,37.78,1.48,11.28,118.0,153.0,185.0,126.0,157.28571428571428,0.49999999999999994,-0.8660254037844387,0.0,1.0,Moderate,131.0,Moderate,0,False,,0.0029447617885594276
2019-06-25,53.65,119.98,11.18,32.24,29.27,28.87,1.07,11.91,54.02,2.67,20.21,131.0,118.0,153.0,119.0,159.0,0.49999999999999994,-0.8660254037844387,0.7818314824680298,0.6234898018587336,Moderate,161.0,Moderate,0,False,,0.007774231118808731
2019-06-26,67.36,155.9,15.67,37.39,34.44,30.64,1.16,12.87,46.26,2.75,21.37,161.0,131.0,118.0,173.0,157.28571428571428,0.49999999999999994,-0.8660254037844387,0.9749279121818236,-0.22252093395631434,Moderate,169.0,Moderate,0,False,,0.017258040260500884
2019-06-27,65.3,230.98,17.87,39.94,38.24,29.35,1.16,13.46,46.84,2.8,22.59,169.0,161.0,131.0,175.0,156.42857142857142,0.49999999999999994,-0.8660254037844387,0.43388373911755823,-0.900968867902419,Moderate,207.0,Poor,0,False,,0.030962641205838755
2019-06-28,61.21,239.15,19.71,38.37,37.84,27.53,1.02,14.43,38.39,2.99,20.4,207.0,169.0,161.0,178.0,160.57142857142858,0.49999999999999994,-0.8660254037844387,-0.433883739117558,-0.9009688679024191,Poor,223.0,Poor,0,False,,0.03048282903319373
2019-06-29,58.08,271.27,16.84,34.56,35.19,23.72,0.93,11.99,37.99,2.43,20.25,223.0,207.0,169.0,185.0,166.0,0.49999999999999994,-0.8660254037844387,-0.9749279121818236,-0.2225209339563146,Poor,234.0,Poor,0,False,,0.03171936221164062
2019-06-30,65.24,270.03,22.46,33.03,39.12,25.87,1.04,12.82,44.4,2.7,22.73,234.0,223.0,207.0,153.0,177.57142857142858,0.49999999999999994,-0.8660254037844387,-0.7818314824680299,0.6234898018587334,Poor,195.0,Moderate,0,False,,0.04021607796346346
2019-07-01,57.27,189.32,10.44,31.09,27.68,26.07,0.94,12.22,58.0,1.96,17.02,195.0,234.0,223.0,118.0,188.57142857142858,1.2246467991473532e-16,-1.0,0.0,1.0,Moderate,202.0,Poor,0,False,,0.022445488232293396
2019-07-02,71.68,233.25,7.78,28.13,23.43,27.24,0.99,12.02,64.82,2.08,18.29,202.0,195.0,234.0,131.0,198.71428571428572,1.2246467991473532e-16,-1.0,0.7818314824680298,0.6234898018587336,Poor,162.0,Moderate,0,False,,0.04619683478985283
2019-07-03,39.99,113.92,7.3,26.57,21.33,33.05,0.99,9.75,42.31,1.69,9.86,162.0,202.0,195.0,161.0,198.85714285714286,1.2246467991473532e-16,-1.0,0.9749279121818236,-0.22252093395631434,Moderate,111.0,Moderate,0,False,,0.010702874749990685
2019-07-04,36.82,87.8,12.82,29.23,27.0,28.65,1.11,9.75,28.2,2.25,22.07,111.0,162.0,202.0,169.0,190.57142857142858,1.2246467991473532e-16,-1.0,0.43388373911755823,-0.900968867902419,Moderate,113.0,Moderate,0,False,,0.005171023820654827
2019-07-05,48.6,99.98,18.04,34.77,34.24,37.63,1.2,11.05,22.68,2.88,24.95,113.0,111.0,162.0,207.0,177.14285714285714,1.2246467991473532e-16,-1.0,-0.433883739117558,-0.9009688679024191,Moderate,99.0,Satisfactory,0,False,,0.005743844514931708
2019-07-06,34.25,87.5,12.04,29.91,26.12,36.77,1.0,10.18,33.71,1.93,15.95,99.0,113.0,111.0,223.0,159.42857142857142,1.2246467991473532e-16,-1.0,-0.9749279121818236,-0.2225209339563146,Satisfactory,101.0,Moderate,0,False,,0.003325437992988574
2019-07-07,38.81,91.79,11.02,28.87,25.63,32.3,1.08,10.67,38.66,1.97,13.47,101.0,99.0,113.0,234.0,140.42857142857142,1.2246467991473532e-16,-1.0,-0.7818314824680299,0.6234898018587334,Moderate,129.0,Moderate,0,False,,0.0039560350609631105
2019-07-08,49.12,148.79,12.56,32.85,28.57,33.43,1.15,10.64,35.11,2.22,16.39,129.0,101.0,99.0,195.0,131.0,1.2246467991473532e-16,-1.0,0.0,1.0,Moderate,131.0,Moderate,0,False,,0.008346256586683793
2019-07-09,42.56,128.6,11.93,30.38,26.68,32.19,1.11,9.52,25.75,1.94,18.86,131.0,129.0,101.0,202.0,120.85714285714286,1.2246467991473532e-16,-1.0,0.7818314824680298,0.6234898018587336,Moderate,150.0,Moderate,0,False,,0.006818526178460051
2019-07-10,69.21,278.71,13.97,31.36,29.11,33.73,1.04,10.41,28.65,2.24,16.29,150.0,131.0,129.0,162.0,119.14285714285714,1.2246467991473532e-16,-1.0,0.9749279121818236,-0.22252093395631434,Moderate,300.0,Poor,0,False,,0.03769660046761146
2019-07-11,76.99,352.26,15.0,29.87,29.36,32.06,0.97,9.64,29.84,2.04,20.77,300.0,150.0,131.0,111.0,146.14285714285714,1.2246467991473532e-16,-1.0,0.43388373911755823,-0.900968867902419,Poor,294.0,Poor,0,False,,0.0951440113896109
2019-07-12,76.35,363.7,14.0,26.97,27.19,33.13,1.05,8.96,28.38,1.98,18.57,294.0,300.0,150.0,113.0,172.0,1.2246467991473532e-16,-1.0,-0.433883739117558,-0.9009688679024191,Poor,312.0,Very Poor,1,True,turns bad,0.10634458335383784
2019-07-13,63.18,294.27,11.09,23.13,22.98,28.61,0.97,9.11,30.81,1.92,18.59,312.0,294.0,300.0,99.0,202.42857142857142,1.2246467991473532e-16,-1.0,-0.9749279121818236,-0.2225209339563146,Very Poor,243.0,Poor,0,True,turns better,0.05677970979983733
2019-07-14,63.16,280.99,11.36,25.1,24.71,26.67,0.95,9.85,32.77,1.59,14.1,243.0,312.0,294.0,101.0,222.71428571428572,1.2246467991473532e-16,-1.0,-0.7818314824680299,0.6234898018587334,Poor,180.0,Moderate,0,False,,0.04723670731840805
2019-07-15,42.04,137.67,11.57,27.17,26.07,25.07,1.09,10.39,27.23,1.97,18.94,180.0,243.0,312.0,129.0,230.0,1.2246467991473532e-16,-1.0,0.0,1.0,Moderate,117.0,Moderate,0,False,,0.010888001383799093
2019-07-16,31.51,79.22,8.59,27.54,23.74,26.39,1.05,9.64,30.05,1.99,20.07,117.0,180.0,243.0,131.0,228.0,1.2246467991473532e-16,-1.0,0.7818314824680298,0.6234898018587336,Moderate,92.0,Satisfactory,0,False,,0.0047104233877644204
2019-07-17,32.06,67.73,11.08,28.44,26.68,25.91,1.03,8.91,31.48,2.24,22.46,92.0,117.0,180.0,150.0,219.71428571428572,1.2246467991473532e-16,-1.0,0.9749279121818236,-0.22252093395631434,Satisfactory,98.0,Satisfactory,0,False,,0.0038076854279710903
2019-07-18,32.92,78.08,19.36,37.14,37.88,26.54,1.24,8.86,30.75,2.37,22.82,98.0,92.0,117.0,300.0,190.85714285714286,1.2246467991473532e-16,-1.0,0.43388373911755823,-0.900968867902419,Satisfactory,142.0,Moderate,0,False,,0.005813749418209944
2019-07-19,63.02,158.3,29.13,40.79,49.35,30.83,1.41,9.95,49.9,3.38,32.0,142.0,98.0,92.0,294.0,169.14285714285714,1.2246467991473532e-16,-1.0,-0.433883739117558,-0.9009688679024191,Moderate,137.0,Moderate,0,False,,0.0185410908147304
2019-07-20,46.43,117.84,14.59,37.1,34.22,34.1,1.15,8.6,29.1,2.39,26.17,137.0,142.0,98.0,312.0,144.14285714285714,1.2246467991473532e-16,-1.0,-0.9749279121818236,-0.2225209339563146,Moderate,123.0,Moderate,0,False,,0.006562216602659511
2019-07-21,50.57,105.55,23.14,33.89,40.01,37.02,1.39,8.83,32.04,2.6,27.75,123.0,137.0,142.0,243.0,127.0,1.2246467991473532e-16,-1.0,-0.7818314824680299,0.6234898018587334,Moderate,124.0,Moderate,0,False,,0.005894957061723828
2019-07-22,60.38,119.66,31.57,33.03,45.91,43.72,1.55,8.95,34.79,2.91,29.07,124.0,123.0,137.0,180.0,119.0,1.2246467991473532e-16,-1.0,0.0,1.0,Moderate,156.0,Moderate,0,False,,0.008405725955883006
2019-07-23,73.08,153.96,26.12,39.89,46.01,45.51,1.61,9.05,40.16,2.82,32.72,156.0,124.0,123.0,117.0,124.57142857142857,1.2246467991473532e-16,-1.0,0.7818314824680298,0.6234898018587336,Moderate,165.0,Moderate,0,False,,0.015427280777019527
2019-07-24,63.26,156.93,22.05,40.29,42.88,44.36,1.41,8.83,33.1,2.36,27.06,165.0,156.0,124.0,92.0,135.0,1.2246467991473532e-16,-1.0,0.9749279121818236,-0.22252093395631434,Moderate,98.0,Satisfactory,0,False,,0.014547560868744284
2019-07-25,22.79,63.51,16.78,33.52,33.55,37.17,0.94,8.76,22.78,1.69,17.02,98.0,165.0,156.0,98.0,135.0,1.2246467991473532e-16,-1.0,0.43388373911755823,-0.900968867902419,Satisfactory,94.0,Satisfactory,0,False,,0.002596104828212004
2019-07-26,30.63,61.26,13.26,31.61,29.95,36.06,0.99,8.92,27.72,2.1,22.74,94.0,98.0,165.0,142.0,128.14285714285714,1.2246467991473532e-16,-1.0,-0.433883739117558,-0.9009688679024191,Satisfactory,85.0,Satisfactory,0,False,,0.0021361273842289263
2019-07-27,26.16,45.04,11.98,25.34,25.46,30.26,1.0,8.67,29.54,2.0,20.94,85.0,94.0,98.0,137.0,120.71428571428571,1.2246467991473532e-16,-1.0,-0.9749279121818236,-0.2225209339563146,Satisfactory,83.0,Satisfactory,0,False,,0.001264904684911455
2019-07-28,21.13,46.35,9.12,21.89,21.22,28.65,0.89,8.43,30.62,1.3,13.8,83.0,85.0,94.0,123.0,115.0,1.2246467991473532e-16,-1.0,-0.7818314824680299,0.6234898018587334,Satisfactory,82.0,Satisfactory,0,False,,0.001110405812155192
2019-07-29,24.45,64.17,10.8,25.11,24.31,31.27,0.92,8.97,29.78,1.52,15.9,82.0,83.0,85.0,124.0,109.0,1.2246467991473532e-16,-1.0,0.0,1.0,Satisfactory,90.0,Satisfactory,0,False,,0.0015842619532573153
2019-07-30,30.1,82.81,10.37,26.92,25.19,33.49,0.97,9.36,27.42,2.01,20.2,90.0,82.0,83.0,156.0,99.57142857142857,1.2246467991473532e-16,-1.0,0.7818314824680298,0.6234898018587336,Satisfactory,90.0,Satisfactory,0,False,,0.002518956984519388
2019-07-31,30.22,76.67,10.23,26.45,24.98,33.79,0.93,8.78,31.25,1.65,18.71,90.0,90.0,82.0,165.0,88.85714285714286,1.2246467991473532e-16,-1.0,0.9749279121818236,-0.22252093395631434,Satisfactory,98.0,Satisfactory,0,False,,0.0026450764250395605
2019-08-01,34.26,85.89,10.07,28.4,26.51,33.55,0.94,8.79,32.51,1.88,17.74,98.0,90.0,90.0,98.0,88.85714285714286,-0.4999999999999998,-0.8660254037844388,0.43388373911755823,-0.900968867902419,Satisfactory,95.0,Satisfactory,0,False,,0.0033668664494290487
2019-08-02,35.06,83.66,11.86,30.96,29.14,32.66,1.03,8.45,29.29,2.14,24.9,95.0,98.0,90.0,94.0,89.0,-0.4999999999999998,-0.8660254037844388,-0.433883739117558,-0.9009688679024191,Satisfactory,104.0,Moderate,0,False,,0.0025571873131942525
2019-08-03,38.54,80.35,16.87,31.0,33.32,35.33,1.07,9.43,27.74,2.58,28.18,104.0,95.0,98.0,85.0,91.71428571428571,-0.4999999999999998,-0.8660254037844388,-0.9749279121818236,-0.2225209339563146,Moderate,101.0,Moderate,0,False,,0.002369335039952662
2019-08-04,46.69,88.15,17.79,30.9,34.32,34.25,1.13,9.96,27.25,2.13,21.93,101.0,104.0,95.0,83.0,94.28571428571429,-0.4999999999999998,-0.8660254037844388,-0.7818314824680299,0.6234898018587334,Moderate,108.0,Moderate,0,False,,0.003119454893969925
2019-08-05,52.2,104.96,20.62,34.64,38.54,37.17,1.24,9.37,28.66,2.18,23.36,108.0,101.0,104.0,82.0,98.0,-0.4999999999999998,-0.8660254037844388,0.0,1.0,Moderate,99.0,Satisfactory,0,False,,0.005047957665043804
2019-08-06,30.04,57.31,19.57,34.68,37.25,42.32,1.14,8.26,22.91,2.53,24.25,99.0,108.0,101.0,90.0,99.28571428571429,-0.4999999999999998,-0.8660254037844388,0.7818314824680298,0.6234898018587336,Satisfactory,104.0,Moderate,0,False,,0.0028729328882940827
2019-08-07,32.63,72.98,22.98,31.82,38.88,33.65,1.22,9.81,29.87,3.07,29.46,104.0,99.0,108.0,90.0,101.28571428571429,-0.4999999999999998,-0.8660254037844388,0.9749279121818236,-0.22252093395631434,Moderate,99.0,Satisfactory,0,False,,0.00387114825841399
2019-08-08,27.69,80.22,15.06,28.9,30.82,30.9,1.01,10.61,30.92,2.27,21.05,99.0,104.0,99.0,98.0,101.42857142857143,-0.4999999999999998,-0.8660254037844388,0.43388373911755823,-0.900968867902419,Satisfactory,89.0,Satisfactory,0,False,,0.003277641304679627
2019-08-09,14.59,61.47,9.54,22.08,21.86,28.01,0.86,9.3,26.17,1.6,15.54,89.0,99.0,104.0,95.0,100.57142857142857,-0.4999999999999998,-0.8660254037844388,-0.433883739117558,-0.9009688679024191,Satisfactory,75.0,Satisfactory,0,False,,0.0015735276072908835
2019-08-10,16.73,47.75,9.02,22.06,21.47,24.4,0.87,8.47,25.43,1.12,10.3,75.0,89.0,99.0,104.0,96.42857142857143,-0.4999999999999998,-0.8660254037844388,-0.9749279121818236,-0.2225209339563146,Satisfactory,83.0,Satisfactory,0,False,,0.0012356545073824974
2019-08-11,25.53,67.15,11.45,25.93,25.93,25.93,0.96,8.65,26.21,1.11,13.1,83.0,75.0,89.0,101.0,93.85714285714286,-0.4999999999999998,-0.8660254037844388,-0.7818314824680299,0.6234898018587334,Satisfactory,80.0,Satisfactory,0,False,,0.0016859240624497672
2019-08-12,20.53,51.91,13.19,26.18,27.51,24.89,1.02,8.14,21.46,1.56,15.92,80.0,83.0,75.0,108.0,89.85714285714286,-0.4999999999999998,-0.8660254037844388,0.0,1.0,Satisfactory,85.0,Satisfactory,0,False,,0.0015961882267752133
2019-08-13,21.68,56.18,17.85,27.12,32.07,29.25,1.1,8.37,20.73,1.76,18.61,85.0,80.0,83.0,99.0,87.85714285714286,-0.4999999999999998,-0.8660254037844388,0.7818314824680298,0.6234898018587336,Satisfactory,93.0,Satisfactory,0,False,,0.002103470049533901
2019-08-14,33.21,58.36,16.96,31.9,33.85,29.08,1.19,8.5,31.43,1.94,21.44,93.0,85.0,80.0,104.0,86.28571428571429,-0.4999999999999998,-0.8660254037844388,0.9749279121818236,-0.22252093395631434,Satisfactory,93.0,Satisfactory,0,False,,0.0031690304048767838
2019-08-15,28.78,56.28,18.56,25.03,32.56,31.29,1.04,8.51,23.58,1.5,16.34,93.0,93.0,85.0,99.0,85.42857142857143,-0.4999999999999998,-0.8660254037844388,0.43388373911755823,-0.900968867902419,Satisfactory,73.0,Satisfactory,0,False,,0.002405814423040764
2019-08-16,15.52,37.1,13.71,21.51,26.32,27.58,0.87,8.61,23.59,1.08,10.43,73.0,93.0,93.0,89.0,83.14285714285714,-0.4999999999999998,-0.8660254037844388,-0.433883739117558,-0.9009688679024191,Satisfactory,67.0,Satisfactory,0,False,,0.0012380627077488498
2019-08-17,10.24,19.51,14.08,19.1,24.77,25.82,0.81,7.67,16.51,1.12,10.25,67.0,73.0,93.0,75.0,82.0,-0.4999999999999998,-0.8660254037844388,-0.9749279121818236,-0.2225209339563146,Satisfactory,66.0,Satisfactory,0,False,,0.0007273731436157098
2019-08-18,15.51,30.45,17.56,20.93,25.39,23.25,0.98,8.57,18.03,1.44,16.91,66.0,67.0,73.0,83.0,79.57142857142857,-0.4999999999999998,-0.8660254037844388,-0.7818314824680299,0.6234898018587334,Satisfactory,99.0,Satisfactory,0,False,,0.000861634595911709
2019-08-19,38.55,86.13,26.99,28.59,38.82,25.62,1.31,8.6,28.06,2.77,28.61,99.0,66.0,67.0,80.0,82.28571428571429,-0.4999999999999998,-0.8660254037844388,0.0,1.0,Satisfactory,103.0,Moderate,0,False,,0.003003759193902556
2019-08-20,41.74,95.71,19.92,26.86,31.87,33.03,1.23,8.12,28.41,2.44,24.96,103.0,99.0,66.0,85.0,84.85714285714286,-0.4999999999999998,-0.8660254037844388,0.7818314824680298,0.6234898018587336,Moderate,107.0,Moderate,0,False,,0.004046771411185181
2019-08-21,46.69,129.46,15.16,32.68,32.26,34.19,1.14,7.81,31.18,2.37,23.43,107.0,103.0,99.0,93.0,86.85714285714286,-0.4999999999999998,-0.8660254037844388,0.9749279121818236,-0.22252093395631434,Moderate,125.0,Moderate,0,False,,0.006866814763150087
2019-08-22,44.16,130.49,23.36,42.21,44.39,34.28,1.21,8.41,25.95,3.1,29.02,125.0,107.0,103.0,93.0,91.42857142857143,-0.4999999999999998,-0.8660254037844388,0.43388373911755823,-0.900968867902419,Moderate,130.0,Moderate,0,False,,0.007629423756384404
2019-08-23,50.49,142.76,37.04,40.32,54.52,36.4,1.3,8.36,28.57,3.26,32.01,130.0,125.0,107.0,73.0,99.57142857142857,-0.4999999999999998,-0.8660254037844388,-0.433883739117558,-0.9009688679024191,Moderate,149.0,Moderate,0,False,,0.008559296772247201
2019-08-24,60.71,149.82,41.65,41.76,59.19,41.36,1.47,8.78,28.17,3.71,36.48,149.0,130.0,125.0,67.0,111.28571428571429,-0.4999999999999998,-0.8660254037844388,-0.9749279121818236,-0.2225209339563146,Moderate,107.0,Moderate,0,False,,0.010439027175720874
2019-08-25,33.49,67.82,11.09,31.71,27.89,34.91,0.93,8.23,24.22,1.99,18.44,107.0,149.0,130.0,66.0,117.14285714285714,-0.4999999999999998,-0.8660254037844388,-0.7818314824680299,0.6234898018587334,Moderate,77.0,Satisfactory,0,False,,0.0023223296748631573
2019-08-26,25.06,68.59,15.89,31.6,31.88,29.89,0.99,8.55,24.07,2.24,23.2,77.0,107.0,149.0,99.0,114.0,-0.4999999999999998,-0.8660254037844388,0.0,1.0,Satisfactory,114.0,Moderate,0,False,,0.0022707475887511507
2019-08-27,40.68,107.99,21.99,34.48,39.32,31.99,1.17,10.01,36.98,2.84,29.66,114.0,77.0,107.0,103.0,115.57142857142857,-0.4999999999999998,-0.8660254037844388,0.7818314824680298,0.6234898018587336,Moderate,119.0,Moderate,0,False,,0.005821665908274296
2019-08-28,42.04,103.01,19.01,34.62,37.1,34.95,1.07,9.64,34.34,2.54,23.75,119.0,114.0,77.0,107.0,117.28571428571429,-0.4999999999999998,-0.8660254037844388,0.9749279121818236,-0.22252093395631434,Moderate,103.0,Moderate,0,False,,0.006472029672133072
2019-08-29,33.92,90.29,11.52,30.6,27.72,32.6,0.93,8.24,30.97,1.88,15.84,103.0,119.0,114.0,125.0,114.14285714285714,-0.4999999999999998,-0.8660254037844388,0.43388373911755823,-0.900968867902419,Moderate,110.0,Moderate,0,False,,0.004452250667678347
2019-08-30,43.5,105.68,12.89,32.44,30.15,33.69,1.02,9.33,39.25,1.93,18.03,110.0,103.0,119.0,130.0,111.28571428571429,-0.4999999999999998,-0.8660254037844388,-0.433883739117558,-0.9009688679024191,Moderate,123.0,Moderate,0,False,,0.0052326330192865355
2019-08-31,57.16,123.23,18.34,40.79,40.39,38.62,1.41,9.14,33.71,2.72,26.9,123.0,110.0,103.0,149.0,107.57142857142857,-0.4999999999999998,-0.8660254037844388,-0.9749279121818236,-0.2225209339563146,Moderate,123.0,Moderate,0,False,,0.00734262131822996
2019-09-01,35.13,81.44,12.03,32.08,29.57,41.15,1.11,8.41,31.24,2.01,20.82,123.0,123.0,110.0,107.0,109.85714285714286,-0.8660254037844384,-0.5000000000000004,-0.7818314824680299,0.6234898018587334,Moderate,105.0,Moderate,0,False,,0.003896749061751938
2019-09-02,46.15,101.79,10.33,31.91,27.85,36.31,1.07,8.81,39.18,1.96,21.64,105.0,123.0,123.0,77.0,113.85714285714286,-0.8660254037844384,-0.5000000000000004,0.0,1.0,Moderate,131.0,Moderate,0,False,,0.00569968947758812
2019-09-03,70.64,143.56,13.02,36.51,32.78,36.34,1.21,8.95,32.5,2.4,25.4,131.0,105.0,123.0,114.0,116.28571428571429,-0.8660254037844384,-0.5000000000000004,0.7818314824680298,0.6234898018587336,Moderate,165.0,Moderate,0,False,,0.015919352051741907
2019-09-04,73.33,150.39,10.62,36.99,30.78,37.13,1.22,9.03,36.13,2.38,26.31,165.0,131.0,105.0,119.0,122.85714285714286,-0.8660254037844384,-0.5000000000000004,0.9749279121818236,-0.22252093395631434,Moderate,118.0,Moderate,0,False,,0.021868648059671158
2019-09-05,33.9,90.44,9.99,29.09,25.41,33.31,0.97,9.25,28.87,1.75,20.2,118.0,165.0,131.0,103.0,125.0,-0.8660254037844384,-0.5000000000000004,0.43388373911755823,-0.900968867902419,Moderate,96.0,Satisfactory,0,False,,0.005650029284891345
2019-09-06,35.81,89.47,12.15,30.05,27.49,34.35,0.99,10.9,27.22,2.13,21.71,96.0,118.0,165.0,110.0,123.0,-0.8660254037844384,-0.5000000000000004,-0.433883739117558,-0.9009688679024191,Satisfactory,95.0,Satisfactory,0,False,,0.004508319131213653
2019-09-07,34.98,83.26,14.46,30.9,30.5,30.75,1.0,8.17,24.58,1.84,19.25,95.0,96.0,118.0,123.0,119.0,-0.8660254037844384,-0.5000000000000004,-0.9749279121818236,-0.2225209339563146,Satisfactory,99.0,Satisfactory,0,False,,0.0034828379972352535
2019-09-08,32.83,77.01,10.61,26.84,24.75,32.14,0.9,8.72,32.4,1.55,18.52,99.0,95.0,96.0,123.0,115.57142857142857,-0.8660254037844384,-0.5000000000000004,-0.7818314824680299,0.6234898018587334,Satisfactory,107.0,Moderate,0,False,,0.0030015491317638794
2019-09-09,56.31,126.43,13.78,30.47,29.46,30.37,1.0,8.45,30.84,1.88,23.34,107.0,99.0,95.0,105.0,115.85714285714286,-0.8660254037844384,-0.5000000000000004,0.0,1.0,Moderate,139.0,Moderate,0,False,,0.00723428044701222
2019-09-10,64.48,144.47,16.24,34.12,34.48,29.2,1.07,9.49,40.53,2.34,27.18,139.0,107.0,99.0,131.0,117.0,-0.8660254037844384,-0.5000000000000004,0.7818314824680298,0.6234898018587336,Moderate,166.0,Moderate,0,False,,0.015532958889157074
2019-09-11,79.6,174.33,15.86,39.69,37.15,31.57,1.15,9.54,48.95,2.5,27.98,166.0,139.0,107.0,165.0,117.14285714285714,-0.8660254037844384,-0.5000000000000004,0.9749279121818236,-0.22252093395631434,Moderate,158.0,Moderate,0,False,,0.036884602366869496
2019-09-12,57.83,132.61,9.71,34.01,28.38,30.72,0.99,8.91,32.08,1.85,17.13,158.0,166.0,139.0,118.0,122.85714285714286,-0.8660254037844384,-0.5000000000000004,0.43388373911755823,-0.900968867902419,Moderate,103.0,Moderate,0,False,,0.015080641374078824
2019-09-13,33.59,83.22,9.52,29.75,25.5,28.56,0.88,8.16,27.33,1.5,16.47,103.0,158.0,166.0,96.0,123.85714285714286,-0.8660254037844384,-0.5000000000000004,-0.433883739117558,-0.9009688679024191,Moderate,85.0,Satisfactory,0,False,,0.004280611585887514
2019-09-14,26.65,69.36,7.91,26.05,21.91,25.04,0.77,8.48,28.64,1.48,15.16,85.0,103.0,158.0,95.0,122.42857142857143,-0.8660254037844384,-0.5000000000000004,-0.9749279121818236,-0.2225209339563146,Satisfactory,83.0,Satisfactory,0,False,,0.0024655387808666875
2019-09-15,35.52,72.61,10.34,27.77,24.91,24.48,0.91,8.55,28.58,1.42,14.92,83.0,85.0,103.0,99.0,120.14285714285714,-0.8660254037844384,-0.5000000000000004,-0.7818314824680299,0.6234898018587334,Satisfactory,111.0,Moderate,0,False,,0.002827613384186189
2019-09-16,56.6,129.47,19.02,36.18,37.24,26.11,1.13,8.35,35.4,2.25,26.03,111.0,83.0,85.0,107.0,120.71428571428571,-0.8660254037844384,-0.5000000000000004,0.0,1.0,Moderate,143.0,Moderate,0,False,,0.008799895705783552
2019-09-17,59.14,135.84,14.08,38.18,34.26,27.51,1.12,8.64,41.22,2.62,24.58,143.0,111.0,83.0,139.0,121.28571428571429,-0.8660254037844384,-0.5000000000000004,0.7818314824680298,0.6234898018587336,Moderate,117.0,Moderate,0,False,,0.015521590853590726
2019-09-18,35.41,97.32,7.76,31.3,25.04,25.54,0.86,9.46,37.19,1.86,15.45,117.0,143.0,111.0,166.0,114.28571428571429,-0.8660254037844384,-0.5000000000000004,0.9749279121818236,-0.22252093395631434,Moderate,80.0,Satisfactory,0,False,,0.00823922447208858
2019-09-19,21.74,62.19,7.22,24.15,20.35,22.6,0.78,9.29,27.34,1.57,15.18,80.0,117.0,143.0,158.0,103.14285714285714,-0.8660254037844384,-0.5000000000000004,0.43388373911755823,-0.900968867902419,Satisfactory,96.0,Satisfactory,0,False,,0.0032818116751509667
2019-09-20,40.33,106.47,13.55,31.73,30.32,24.91,0.95,10.81,29.76,2.22,22.21,96.0,80.0,117.0,103.0,102.14285714285714,-0.8660254037844384,-0.5000000000000004,-0.433883739117558,-0.9009688679024191,Satisfactory,112.0,Moderate,0,False,,0.004922597669826924
2019-09-21,39.23,96.29,17.26,31.43,32.82,24.45,0.99,9.63,28.51,2.08,22.37,112.0,96.0,80.0,85.0,106.0,-0.8660254037844384,-0.5000000000000004,-0.9749279121818236,-0.2225209339563146,Moderate,86.0,Satisfactory,0,False,,0.003913687445120234
2019-09-22,26.51,65.65,17.88,30.66,33.12,26.2,0.91,9.32,21.15,1.89,17.61,86.0,112.0,96.0,83.0,106.42857142857143,-0.8660254037844384,-0.5000000000000004,-0.7818314824680299,0.6234898018587334,Satisfactory,89.0,Satisfactory,0,False,,0.002439425780346186
2019-09-23,34.46,83.33,11.33,30.02,27.61,25.37,0.93,9.9,30.49,2.01,18.72,89.0,86.0,112.0,111.0,103.28571428571429,-0.8660254037844384,-0.5000000000000004,0.0,1.0,Satisfactory,103.0,Moderate,0,False,,0.0038315373679459553
2019-09-24,35.88,96.22,16.67,34.98,34.14,25.61,0.98,9.19,28.92,2.55,21.11,103.0,89.0,86.0,143.0,97.57142857142857,-0.8660254037844384,-0.5000000000000004,0.7818314824680298,0.6234898018587336,Moderate,100.0,Satisfactory,0,False,,0.00634388525514219
2019-09-25,30.52,86.31,11.53,29.99,27.25,24.88,0.9,8.94,28.53,1.89,18.14,100.0,103.0,89.0,117.0,95.14285714285714,-0.8660254037844384,-0.5000000000000004,0.9749279121818236,-0.22252093395631434,Satisfactory,87.0,Satisfactory,0,False,,0.004915485817763527
2019-09-26,22.9,69.49,12.62,27.25,26.71,24.04,0.83,10.43,24.16,1.93,20.57,87.0,100.0,103.0,80.0,96.14285714285714,-0.8660254037844384,-0.5000000000000004,0.43388373911755823,-0.900968867902419,Satisfactory,78.0,Satisfactory,0,False,,0.002866113309622559
2019-09-27,15.66,56.71,9.94,24.52,22.68,22.32,0.78,10.3,23.54,2.09,18.35,78.0,87.0,100.0,96.0,93.57142857142857,-0.8660254037844384,-0.5000000000000004,-0.433883739117558,-0.9009688679024191,Satisfactory,78.0,Satisfactory,0,False,,0.0018509756765827943
2019-09-28,22.52,66.98,11.93,26.18,25.22,21.94,0.77,10.01,22.22,2.84,19.97,78.0,78.0,87.0,112.0,88.71428571428571,-0.8660254037844384,-0.5000000000000004,-0.9749279121818236,-0.2225209339563146,Satisfactory,68.0,Satisfactory,0,False,,0.0020034738621060363
2019-09-29,16.91,51.03,8.13,22.84,19.7,21.99,0.74,8.85,22.84,1.83,12.63,68.0,78.0,78.0,86.0,86.14285714285714,-0.8660254037844384,-0.5000000000000004,-0.7818314824680299,0.6234898018587334,Satisfactory,75.0,Satisfactory,0,False,,0.0014251923830142816
2019-09-30,29.42,81.97,12.1,27.89,26.39,22.01,0.92,8.22,26.67,2.46,15.92,75.0,68.0,78.0,89.0,84.14285714285714,-0.8660254037844384,-0.5000000000000004,0.0,1.0,Satisfactory,98.0,Satisfactory,0,False,,0.002997764762940329
2019-10-01,33.92,92.41,12.82,28.0,26.89,23.99,0.96,8.5,26.15,2.56,18.36,98.0,75.0,68.0,103.0,83.42857142857143,-1.0,-1.8369701987210297e-16,0.7818314824680298,0.6234898018587336,Satisfactory,105.0,Moderate,0,False,,0.005561873305154197
2019-10-02,40.16,96.13,17.97,29.72,32.24,24.63,1.05,8.95,34.94,2.83,15.7,105.0,98.0,75.0,100.0,84.14285714285714,-1.0,-1.8369701987210297e-16,0.9749279121818236,-0.22252093395631434,Moderate,140.0,Moderate,0,False,,0.00903180609011989
2019-10-03,57.99,143.97,30.13,36.77,46.78,27.17,1.25,10.42,44.29,4.03,25.96,140.0,105.0,98.0,87.0,91.71428571428571,-1.0,-1.8369701987210297e-16,0.43388373911755823,-0.900968867902419,Moderate,113.0,Moderate,0,False,,0.022361735329425536
2019-10-04,43.07,94.9,17.87,34.07,35.15,26.21,0.99,8.34,32.54,2.99,25.91,113.0,140.0,105.0,78.0,96.71428571428571,-1.0,-1.8369701987210297e-16,-0.433883739117558,-0.9009688679024191,Moderate,108.0,Moderate,0,False,,0.006553690871370803
2019-10-05,39.48,108.22,20.52,33.82,36.22,23.56,1.03,8.08,32.66,2.5,20.58,108.0,113.0,140.0,78.0,101.0,-1.0,-1.8369701987210297e-16,-0.9749279121818236,-0.2225209339563146,Moderate,127.0,Moderate,0,False,,0.006516924841029757
2019-10-06,58.75,140.15,18.29,36.98,37.52,26.89,0.99,8.62,40.18,2.82,22.98,127.0,108.0,113.0,68.0,109.42857142857143,-1.0,-1.8369701987210297e-16,-0.7818314824680299,0.6234898018587334,Moderate,133.0,Moderate,0,False,,0.011647572323773208
2019-10-07,55.88,137.81,13.36,33.46,31.6,26.98,0.91,8.25,36.23,2.35,18.65,133.0,127.0,108.0,75.0,117.71428571428571,-1.0,-1.8369701987210297e-16,0.0,1.0,Moderate,123.0,Moderate,0,False,,0.012463584509979019
2019-10-08,44.85,116.56,17.58,33.4,34.71,23.12,0.85,8.91,38.81,2.29,15.02,123.0,133.0,127.0,98.0,121.28571428571429,-1.0,-1.8369701987210297e-16,0.7818314824680298,0.6234898018587336,Moderate,165.0,Moderate,0,False,,0.013083894133120931
2019-10-09,77.02,182.89,40.81,45.5,58.38,25.59,1.37,11.9,51.37,4.1,30.69,165.0,123.0,133.0,105.0,129.85714285714286,-1.0,-1.8369701987210297e-16,0.9749279121818236,-0.22252093395631434,Moderate,208.0,Poor,0,False,,0.06758418301774795
2019-10-10,100.82,215.18,34.75,50.32,54.51,29.71,1.34,13.83,53.51,4.49,36.66,208.0,165.0,123.0,140.0,139.57142857142858,-1.0,-1.8369701987210297e-16,0.43388373911755823,-0.900968867902419,Poor,243.0,Poor,0,False,,0.12936207271688785
2019-10-11,98.07,203.36,35.13,48.05,53.08,31.79,1.37,11.02,47.07,4.4,32.36,243.0,208.0,165.0,113.0,158.14285714285714,-1.0,-1.8369701987210297e-16,-0.433883739117558,-0.9009688679024191,Poor,235.0,Poor,0,False,,0.11507443555008175
2019-10-12,103.45,209.42,35.55,48.54,53.06,33.54,1.44,11.26,44.45,4.65,35.04,235.0,243.0,208.0,108.0,176.28571428571428,-1.0,-1.8369701987210297e-16,-0.9749279121818236,-0.2225209339563146,Poor,282.0,Poor,0,False,,0.11888643062526187
2019-10-13,132.57,255.42,43.72,51.27,63.23,34.93,1.65,12.75,44.55,5.05,38.96,282.0,235.0,243.0,127.0,198.42857142857142,-1.0,-1.8369701987210297e-16,-0.7818314824680299,0.6234898018587334,Poor,285.0,Poor,0,False,,0.30469042765517146
2019-10-14,116.33,239.47,52.78,50.83,68.23,34.7,1.73,11.46,43.59,4.68,37.89,285.0,282.0,235.0,133.0,220.14285714285714,-1.0,-1.8369701987210297e-16,0.0,1.0,Poor,291.0,Poor,0,False,,0.30730640910183166
2019-10-15,133.35,285.26,67.74,58.61,86.5,36.03,2.18,13.31,53.79,6.4,49.36,291.0,285.0,282.0,123.0,244.14285714285714,-1.0,-1.8369701987210297e-16,0.7818314824680298,0.6234898018587336,Poor,320.0,Very Poor,1,True,turns bad,0.6088240316204186
2019-10-16,146.37,279.78,39.0,53.03,62.13,38.12,1.77,13.22,55.69,5.51,36.51,320.0,291.0,285.0,165.0,266.2857142857143,-1.0,-1.8369701987210297e-16,0.9749279121818236,-0.22252093395631434,Very Poor,300.0,Poor,0,True,turns better,0.6495353839700205
2019-10-17,121.68,245.2,18.94,46.51,42.73,35.08,1.44,14.95,49.68,4.58,30.79,300.0,320.0,291.0,208.0,279.42857142857144,-1.0,-1.8369701987210297e-16,0.43388373911755823,-0.900968867902419,Poor,265.0,Poor,0,False,,0.412713328531841
2019-10-18,90.41,203.39,13.39,39.62,34.81,33.94,1.14,11.36,42.7,3.47,22.11,265.0,300.0,320.0,243.0,282.57142857142856,-1.0,-1.8369701987210297e-16,-0.433883739117558,-0.9009688679024191,Poor,170.0,Moderate,0,False,,0.17372087312570497
2019-10-19,76.77,174.84,31.61,51.37,53.94,33.65,1.18,11.33,43.23,4.23,33.23,170.0,265.0,300.0,235.0,273.2857142857143,-1.0,-1.8369701987210297e-16,-0.9749279121818236,-0.2225209339563146,Moderate,242.0,Poor,0,False,,0.08597353191805308
2019-10-20,98.05,203.14,35.0,48.83,53.46,33.32,1.26,10.64,33.47,4.13,30.72,242.0,170.0,265.0,282.0,267.57142857142856,-1.0,-1.8369701987210297e-16,-0.7818314824680299,0.6234898018587334,Poor,254.0,Poor,0,False,,0.15731395177548277
2019-10-21,115.16,235.0,34.79,51.05,55.42,31.9,1.3,11.11,36.8,4.36,28.7,254.0,242.0,170.0,285.0,263.14285714285717,-1.0,-1.8369701987210297e-16,0.0,1.0,Poor,243.0,Poor,0,False,,0.2900911242239627
2019-10-22,93.51,213.26,34.86,50.05,57.98,29.84,1.37,11.7,39.48,3.82,28.98,243.0,254.0,242.0,291.0,256.2857142857143,-1.0,-1.8369701987210297e-16,0.7818314824680298,0.6234898018587336,Poor,248.0,Poor,0,False,,0.24547101596709764
2019-10-23,122.12,268.58,56.07,57.92,80.24,34.38,1.79,14.08,44.15,4.7,34.29,248.0,243.0,254.0,320.0,246.0,-1.0,-1.8369701987210297e-16,0.9749279121818236,-0.22252093395631434,Poor,335.0,Very Poor,1,True,turns bad,0.5670240748452351
2019-10-24,173.56,346.51,84.08,67.36,108.93,41.69,2.46,18.87,57.94,7.01,50.88,335.0,248.0,243.0,300.0,251.0,-1.0,-1.8369701987210297e-16,0.43388373911755823,-0.900968867902419,Very Poor,331.0,Very Poor,1,False,,0.9116880317238437
2019-10-25,129.9,270.87,42.42,52.55,64.73,37.02,1.72,15.17,52.25,5.07,35.92,331.0,335.0,248.0,265.0,260.42857142857144,-1.0,-1.8369701987210297e-16,-0.433883739117558,-0.9009688679024191,Very Poor,315.0,Very Poor,1,False,,0.5696695032369296
2019-10-26,148.73,290.6,61.19,56.43,83.98,40.14,1.92,12.76,50.59,5.34,38.81,315.0,331.0,335.0,170.0,281.14285714285717,-1.0,-1.8369701987210297e-16,-0.9749279121818236,-0.2225209339563146,Very Poor,354.0,Very Poor,1,False,,0.6512513310513158
2019-10-27,198.81,321.68,46.63,48.37,68.91,40.04,1.77,13.21,47.27,4.92,30.4,354.0,315.0,331.0,242.0,297.14285714285717,-1.0,-1.8369701987210297e-16,-0.7818314824680299,0.6234898018587334,Very Poor,417.0,Severe,1,False,,0.8407030537476053
2019-10-28,301.39,420.35,35.11,48.45,59.73,40.16,1.77,18.03,42.79,4.62,20.55,417.0,354.0,315.0,254.0,320.42857142857144,-1.0,-1.8369701987210297e-16,0.0,1.0,Severe,419.0,Severe,1,False,,0.9872373080798346
2019-10-29,287.56,440.77,58.36,60.03,86.74,49.0,2.43,12.71,33.2,5.79,37.17,419.0,417.0,354.0,243.0,345.57142857142856,-1.0,-1.8369701987210297e-16,0.7818314824680298,0.6234898018587336,Severe,452.0,Severe,1,False,,0.9923505977506547
2019-10-30,279.32,454.35,87.7,63.87,113.63,52.82,2.67,13.81,34.86,6.53,49.5,452.0,419.0,417.0,248.0,374.7142857142857,-1.0,-1.8369701987210297e-16,0.9749279121818236,-0.22252093395631434,Severe,460.0,Severe,1,False,,0.9957453010879924
2019-10-31,314.32,500.04,99.58,71.37,123.63,55.54,2.92,15.86,38.29,7.27,60.46,460.0,452.0,419.0,335.0,392.57142857142856,-1.0,-1.8369701987210297e-16,0.43388373911755823,-0.900968867902419,Severe,591.0,Severe,1,False,,0.9987242869744513
2019-11-01,388.45,584.15,62.6,73.61,96.68,58.29,2.59,16.32,49.77,7.11,55.43,591.0,460.0,452.0,331.0,429.7142857142857,-0.8660254037844386,0.5000000000000001,-0.433883739117558,-0.9009688679024191,Severe,473.0,Severe,1,False,,0.999804864932452
2019-11-02,320.26,467.74,34.23,54.1,61.32,49.38,1.93,12.88,35.0,5.6,35.45,473.0,591.0,460.0,315.0,452.2857142857143,-0.8660254037844386,0.5000000000000001,-0.9749279121818236,-0.2225209339563146,Severe,659.0,Severe,1,False,,0.9968226131946738
2019-11-03,582.28,706.58,28.98,49.67,53.58,56.52,2.39,10.2,33.91,6.21,33.78,659.0,473.0,591.0,354.0,495.85714285714283,-0.8660254037844386,0.5000000000000001,-0.7818314824680299,0.6234898018587334,Severe,532.0,Severe,1,False,,0.9999940800423296
2019-11-04,272.3,386.16,29.75,44.53,51.48,39.67,1.47,11.68,36.82,4.37,29.56,532.0,659.0,473.0,417.0,512.2857142857143,-0.8660254037844386,0.5000000000000001,0.0,1.0,Severe,385.0,Very Poor,1,False,,0.993576879436931
2019-11-05,190.41,296.98,32.28,44.32,53.16,33.01,1.43,13.17,39.23,3.75,28.54,385.0,532.0,659.0,419.0,507.42857142857144,-0.8660254037844386,0.5000000000000001,0.7818314824680298,0.6234898018587336,Very Poor,265.0,Poor,0,True,turns better,0.9509543163957573
2019-11-06,101.09,207.19,57.56,54.77,81.72,31.99,1.52,11.58,29.77,3.94,30.45,265.0,385.0,532.0,452.0,480.7142857142857,-0.8660254037844386,0.5000000000000001,0.9749279121818236,-0.22252093395631434,Poor,296.0,Poor,0,False,,0.6627273962339112
2019-11-07,182.47,292.56,29.02,51.64,54.77,37.3,1.58,11.95,23.72,5.25,37.6,296.0,265.0,385.0,460.0,457.2857142857143,-0.8660254037844386,0.5000000000000001,0.43388373911755823,-0.900968867902419,Poor,346.0,Very Poor,1,True,turns bad,0.8468581337065646
2019-11-08,154.14,253.44,51.48,52.79,73.74,38.97,1.68,14.04,32.33,5.58,47.09,346.0,296.0,265.0,591.0,422.2857142857143,-0.8660254037844386,0.5000000000000001,-0.433883739117558,-0.9009688679024191,Very Poor,321.0,Very Poor,1,False,,0.7912694752431341
2019-11-09,140.8,230.5,35.56,44.01,56.07,35.4,1.34,11.58,30.42,4.13,33.86,321.0,346.0,296.0,473.0,400.57142857142856,-0.8660254037844386,0.5000000000000001,-0.9749279121818236,-0.2225209339563146,Very Poor,339.0,Very Poor,1,False,,0.5705470575946139
2019-11-10,192.35,296.44,30.88,50.35,56.41,32.4,1.44,13.95,38.5,3.79,29.59,339.0,321.0,346.0,659.0,354.85714285714283,-0.8660254037844386,0.5000000000000001,-0.7818314824680299,0.6234898018587334,Very Poor,376.0,Very Poor,1,False,,0.8913353687137567
2019-11-11,252.48,380.54,45.96,61.36,75.05,37.01,1.79,15.18,42.35,4.56,39.67,376.0,339.0,321.0,532.0,332.57142857142856,-0.8660254037844386,0.5000000000000001,0.0,1.0,Very Poor,475.0,Severe,1,False,,0.9787127549506466
2019-11-12,384.34,529.59,51.47,66.1,83.09,40.72,2.25,14.41,48.8,5.85,44.03,475.0,376.0,339.0,385.0,345.42857142857144,-0.8660254037844386,0.5000000000000001,0.7818314824680298,0.6234898018587336,Severe,532.0,Severe,1,False,,0.9993788467812107
2019-11-13,383.36,541.19,62.74,73.6,94.33,43.4,2.5,15.12,39.52,7.08,52.12,532.0,475.0,376.0,265.0,383.57142857142856,-0.8660254037844386,0.5000000000000001,0.9749279121818236,-0.22252093395631434,Severe,537.0,Severe,1,False,,0.9996242236490271
2019-11-14,371.42,545.66,77.46,82.63,114.67,50.55,2.92,16.26,26.54,8.2,65.31,537.0,532.0,475.0,296.0,418.0,-0.8660254037844386,0.5000000000000001,0.43388373911755823,-0.900968867902419,Severe,595.0,Severe,1,False,,0.999700106526541
2019-11-15,423.52,576.12,44.06,59.35,73.02,50.12,2.35,14.14,37.71,7.47,48.7,595.0,537.0,532.0,346.0,453.57142857142856,-0.8660254037844386,0.5000000000000001,-0.433883739117558,-0.9009688679024191,Severe,438.0,Severe,1,False,,0.9998598919339646
2019-11-16,174.03,293.0,23.38,42.35,45.36,35.82,1.34,12.89,31.94,4.3,30.34,438.0,595.0,537.0,321.0,470.2857142857143,-0.8660254037844386,0.5000000000000001,-0.9749279121818236,-0.2225209339563146,Severe,273.0,Poor,0,True,turns better,0.8829948335494401
2019-11-17,96.34,165.5,14.48,33.78,32.29,29.55,0.92,10.78,27.01,2.4,16.76,273.0,438.0,595.0,339.0,460.85714285714283,-0.8660254037844386,0.5000000000000001,-0.7818314824680299,0.6234898018587334,Poor,245.0,Poor,0,False,,0.27207444090134764
2019-11-18,108.4,181.67,29.18,40.05,49.47,29.79,1.26,10.55,30.33,3.03,20.7,245.0,273.0,438.0,376.0,442.14285714285717,-0.8660254037844386,0.5000000000000001,0.0,1.0,Poor,251.0,Poor,0,False,,0.33313624331676706
2019-11-19,126.92,218.13,52.44,52.79,77.11,33.12,1.6,12.05,31.56,4.31,31.85,251.0,245.0,273.0,475.0,410.14285714285717,-0.8660254037844386,0.5000000000000001,0.7818314824680298,0.6234898018587336,Poor,315.0,Very Poor,1,True,turns bad,0.590310666896289
2019-11-20,175.19,295.47,79.63,77.62,106.76,40.19,2.21,14.74,38.99,5.65,45.92,315.0,251.0,245.0,532.0,379.14285714285717,-0.8660254037844386,0.5000000000000001,0.9749279121818236,-0.22252093395631434,Very Poor,375.0,Very Poor,1,False,,0.9330598741679977
2019-11-21,217.7,363.77,104.83,91.65,135.9,44.56,3.0,19.85,48.43,8.84,71.87,375.0,315.0,251.0,537.0,356.0,-0.8660254037844386,0.5000000000000001,0.43388373911755823,-0.900968867902419,Very Poor,377.0,Very Poor,1,False,,0.9883076639920116
2019-11-22,201.17,332.6,83.99,75.08,113.99,42.17,2.4,16.02,41.54,7.04,56.68,377.0,375.0,315.0,595.0,324.85714285714283,-0.8660254037844386,0.5000000000000001,-0.433883739117558,-0.9009688679024191,Very Poor,334.0,Very Poor,1,False,,0.9706419732166477
2019-11-23,130.41,224.14,33.69,52.7,60.68,34.6,1.3,11.64,25.58,4.46,33.82,334.0,377.0,375.0,438.0,310.0,-0.8660254037844386,0.5000000000000001,-0.9749279121818236,-0.2225209339563146,Very Poor,264.0,Poor,0,True,turns better,0.5282913520198478
2019-11-24,107.86,178.21,19.82,43.51,42.87,34.33,1.01,11.35,29.6,2.98,20.71,264.0,334.0,377.0,273.0,308.7142857142857,-0.8660254037844386,0.5000000000000001,-0.7818314824680299,0.6234898018587334,Poor,269.0,Poor,0,False,,0.19975533752561206
2019-11-25,122.37,213.67,44.39,53.29,69.13,35.67,1.45,13.59,31.86,4.16,31.46,269.0,264.0,334.0,245.0,312.14285714285717,-0.8660254037844386,0.5000000000000001,0.0,1.0,Poor,284.0,Poor,0,False,,0.3701672182099315
2019-11-26,114.27,225.78,49.17,53.83,73.89,37.04,1.41,17.65,39.21,5.2,38.41,284.0,269.0,264.0,251.0,316.85714285714283,-0.8660254037844386,0.5000000000000001,0.7818314824680298,0.6234898018587336,Poor,166.0,Moderate,0,False,,0.43437990033708845
2019-11-27,65.7,128.1,19.37,42.94,41.04,34.32,0.89,10.71,30.2,2.89,28.31,166.0,284.0,269.0,315.0,295.57142857142856,-0.8660254037844386,0.5000000000000001,0.9749279121818236,-0.22252093395631434,Moderate,106.0,Moderate,0,False,,0.06976282013823236
2019-11-28,31.03,58.6,10.57,32.3,27.14,30.25,0.65,8.99,28.72,1.88,20.27,106.0,166.0,284.0,375.0,257.14285714285717,-0.8660254037844386,0.5000000000000001,0.43388373911755823,-0.900968867902419,Moderate,89.0,Satisfactory,0,False,,0.014466126493640567
2019-11-29,53.79,100.29,29.65,41.9,49.52,31.59,1.03,10.14,24.66,3.15,27.84,89.0,106.0,166.0,377.0,216.0,-0.8660254037844386,0.5000000000000001,-0.433883739117558,-0.9009688679024191,Satisfactory,175.0,Moderate,0,False,,0.021929435971093363
2019-11-30,96.96,159.36,34.59,45.04,56.55,36.65,1.21,9.87,23.38,4.1,30.82,175.0,89.0,106.0,334.0,193.28571428571428,-0.8660254037844386,0.5000000000000001,-0.9749279121818236,-0.2225209339563146,Moderate,257.0,Poor,0,False,,0.06396683213534428
2019-12-01,123.66,192.47,38.19,50.39,63.15,36.51,1.17,11.39,32.28,3.57,23.24,257.0,175.0,89.0,264.0,192.28571428571428,-0.5000000000000004,0.8660254037844384,-0.7818314824680299,0.6234898018587334,Poor,299.0,Poor,0,False,,0.16925137396060919
2019-12-02,141.12,229.08,50.45,57.23,77.73,38.4,1.49,11.18,32.54,4.35,26.64,299.0,257.0,175.0,269.0,196.57142857142858,-0.5000000000000004,0.8660254037844384,0.0,1.0,Poor,302.0,Very Poor,1,True,turns bad,0.43977218125853706
2019-12-03,140.07,241.56,53.47,60.85,82.31,38.81,1.49,11.37,32.57,4.31,31.72,302.0,299.0,257.0,284.0,199.14285714285714,-0.5000000000000004,0.8660254037844384,0.7818314824680298,0.6234898018587336,Very Poor,313.0,Very Poor,1,False,,0.5539248924633725
2019-12-04,163.24,277.92,77.61,71.65,107.88,43.21,1.95,13.48,33.48,4.93,42.84,313.0,302.0,299.0,166.0,220.14285714285714,-0.5000000000000004,0.8660254037844384,0.9749279121818236,-0.22252093395631434,Very Poor,389.0,Very Poor,1,False,,0.7538270241504336
2019-12-05,271.99,416.79,115.56,91.53,148.59,55.2,2.95,14.48,42.41,7.93,71.69,389.0,313.0,302.0,106.0,260.57142857142856,-0.5000000000000004,0.8660254037844384,0.43388373911755823,-0.900968867902419,Very Poor,423.0,Severe,1,False,,0.9885579815211671
2019-12-06,241.69,362.1,73.76,69.73,103.48,57.17,2.03,13.41,32.34,7.86,57.33,423.0,389.0,313.0,89.0,308.2857142857143,-0.5000000000000004,0.8660254037844384,-0.433883739117558,-0.9009688679024191,Severe,382.0,Very Poor,1,False,,0.9514479704072507
2019-12-07,233.79,348.44,79.28,66.41,107.56,55.32,2.32,15.4,33.69,6.96,47.68,382.0,423.0,389.0,175.0,337.85714285714283,-0.5000000000000004,0.8660254037844384,-0.9749279121818236,-0.2225209339563146,Very Poor,404.0,Severe,1,False,,0.9545852590349083
2019-12-08,239.98,355.16,109.28,68.59,137.04,58.01,2.88,13.69,32.51,8.02,58.12,404.0,382.0,423.0,257.0,358.85714285714283,-0.5000000000000004,0.8660254037844384,-0.7818314824680299,0.6234898018587334,Severe,371.0,Very Poor,1,False,,0.9780544148713292
2019-12-09,200.33,311.58,87.59,68.28,114.07,56.75,2.32,12.34,29.47,6.5,45.83,371.0,404.0,382.0,299.0,369.14285714285717,-0.5000000000000004,0.8660254037844384,0.0,1.0,Very Poor,377.0,Very Poor,1,False,,0.9411387903828453
2019-12-10,236.4,363.3,85.62,72.63,115.07,59.1,2.41,12.49,38.14,6.87,50.04,377.0,371.0,404.0,302.0,379.85714285714283,-0.5000000000000004,0.8660254037844384,0.7818314824680298,0.6234898018587336,Very Poor,430.0,Severe,1,False,,0.9812231316032326
2019-12-11,299.85,452.65,106.35,85.56,138.71,68.66,3.2,14.71,41.46,8.0,69.03,430.0,377.0,371.0,313.0,396.57142857142856,-0.5000000000000004,0.8660254037844384,0.9749279121818236,-0.22252093395631434,Severe,471.0,Severe,1,False,,0.9978345647802308
2019-12-12,284.18,412.59,46.67,64.36,76.85,70.65,2.01,12.61,44.13,6.29,38.83,471.0,430.0,377.0,389.0,408.2857142857143,-0.5000000000000004,0.8660254037844384,0.43388373911755823,-0.900968867902419,Severe,322.0,Very Poor,1,False,,0.9945283657629935
2019-12-13,94.62,124.26,13.29,41.21,32.94,50.03,1.14,7.9,29.14,2.73,16.19,322.0,471.0,430.0,423.0,393.85714285714283,-0.5000000000000004,0.8660254037844384,-0.433883739117558,-0.9009688679024191,Very Poor,179.0,Moderate,0,True,turns better,0.26823922989078625
2019-12-14,78.59,128.36,26.2,41.29,43.17,38.62,1.18,9.04,22.94,3.38,25.36,179.0,322.0,471.0,382.0,364.85714285714283,-0.5000000000000004,0.8660254037844384,-0.9749279121818236,-0.2225209339563146,Moderate,205.0,Poor,0,False,,0.10426727462409828
2019-12-15,94.67,151.57,26.19,39.9,43.01,38.46,1.15,8.5,22.96,3.22,21.24,205.0,179.0,322.0,404.0,336.42857142857144,-0.5000000000000004,0.8660254037844384,-0.7818314824680299,0.6234898018587334,Poor,202.0,Poor,0,False,,0.12040834413179176
2019-12-16,88.05,133.11,21.68,35.06,36.0,39.25,1.04,7.17,22.1,2.4,12.91,202.0,205.0,179.0,371.0,312.2857142857143,-0.5000000000000004,0.8660254037844384,0.0,1.0,Poor,178.0,Moderate,0,False,,0.08402197149052217
2019-12-17,93.07,140.23,27.2,32.7,40.32,46.78,1.07,7.26,24.27,2.52,14.12,178.0,202.0,205.0,377.0,283.85714285714283,-0.5000000000000004,0.8660254037844384,0.7818314824680298,0.6234898018587336,Moderate,273.0,Poor,0,False,,0.10477133018316008
2019-12-18,144.0,214.88,29.59,44.41,48.79,51.81,1.24,7.98,32.08,3.47,22.85,273.0,178.0,202.0,430.0,261.42857142857144,-0.5000000000000004,0.8660254037844384,0.9749279121818236,-0.22252093395631434,Poor,354.0,Very Poor,1,True,turns bad,0.4452497458547599
2019-12-19,261.16,385.13,51.02,55.64,72.47,57.3,1.92,9.64,28.22,6.1,34.52,354.0,273.0,178.0,471.0,244.71428571428572,-0.5000000000000004,0.8660254037844384,0.43388373911755823,-0.900968867902419,Very Poor,452.0,Severe,1,False,,0.9718405521982405
2019-12-20,316.09,449.06,40.57,60.58,66.4,58.04,2.16,9.92,29.05,6.86,39.35,452.0,354.0,273.0,322.0,263.2857142857143,-0.5000000000000004,0.8660254037844384,-0.433883739117558,-0.9009688679024191,Severe,441.0,Severe,1,False,,0.9923864405318893
2019-12-21,249.87,353.94,37.13,50.24,57.35,62.14,1.71,8.52,23.62,5.96,30.95,441.0,452.0,354.0,179.0,300.7142857142857,-0.5000000000000004,0.8660254037844384,-0.9749279121818236,-0.2225209339563146,Severe,351.0,Very Poor,1,False,,0.9418290338017189
2019-12-22,146.81,202.05,19.33,38.96,36.7,57.51,1.13,6.67,21.48,3.77,17.14,351.0,441.0,452.0,205.0,321.57142857142856,-0.5000000000000004,0.8660254037844384,-0.7818314824680299,0.6234898018587334,Very Poor,321.0,Very Poor,1,False,,0.41980809896217974
2019-12-23,171.47,240.19,26.86,39.83,44.43,53.04,1.28,7.0,23.8,3.98,23.78,321.0,351.0,441.0,202.0,338.57142857142856,-0.5000000000000004,0.8660254037844384,0.0,1.0,Very Poor,376.0,Very Poor,1,False,,0.5715972908735907
2019-12-24,262.69,401.03,38.02,56.72,64.46,53.3,1.76,8.7,28.17,5.75,38.29,376.0,321.0,351.0,178.0,366.85714285714283,-0.5000000000000004,0.8660254037844384,0.7818314824680298,0.6234898018587336,Very Poor,384.0,Very Poor,1,False,,0.966892286048288
2019-12-25,166.71,258.28,22.4,39.77,40.79,48.52,1.2,6.96,21.13,3.85,22.52,384.0,376.0,321.0,273.0,382.7142857142857,-0.5000000000000004,0.8660254037844384,0.9749279121818236,-0.22252093395631434,Very Poor,340.0,Very Poor,1,False,,0.7157101562018194
2019-12-26,196.97,299.85,19.25,45.08,41.2,51.83,1.17,6.99,25.73,3.69,22.5,340.0,384.0,376.0,354.0,380.7142857142857,-0.5000000000000004,0.8660254037844384,0.43388373911755823,-0.900968867902419,Very Poor,372.0,Very Poor,1,False,,0.8447484601307138
2019-12-27,240.07,371.45,28.66,54.6,54.95,52.64,1.39,7.88,27.55,4.62,32.86,372.0,340.0,384.0,452.0,369.2857142857143,-0.5000000000000004,0.8660254037844384,-0.433883739117558,-0.9009688679024191,Very Poor,425.0,Severe,1,False,,0.9556338357197864
2019-12-28,275.6,426.12,60.13,55.98,83.47,50.47,1.96,10.26,27.92,6.7,39.22,425.0,372.0,340.0,441.0,367.0,-0.5000000000000004,0.8660254037844384,-0.9749279121818236,-0.2225209339563146,Severe,455.0,Severe,1,False,,0.9892989015361063
2019-12-29,326.79,500.15,32.73,57.76,61.51,49.61,1.86,10.25,35.11,6.28,33.0,455.0,425.0,372.0,351.0,381.85714285714283,-0.5000000000000004,0.8660254037844384,-0.7818314824680299,0.6234898018587334,Severe,506.0,Severe,1,False,,0.9966913212459962
2019-12-30,333.43,486.35,54.97,55.61,79.04,50.75,2.24,11.15,26.44,8.0,47.12,506.0,455.0,425.0,321.0,408.2857142857143,-0.5000000000000004,0.8660254037844384,0.0,1.0,Severe,417.0,Severe,1,False,,0.9980376587535166
2019-12-31,245.53,338.18,44.49,47.5,64.57,48.22,1.8,11.03,28.07,4.81,38.4,417.0,506.0,455.0,376.0,414.14285714285717,-0.5000000000000004,0.8660254037844384,0.7818314824680298,0.6234898018587336,Severe,492.0,Severe,1,False,,0.9732520639975829
