Date,Actual,Naive,Seasonal naive,Holt-Winters,SARIMA
2019-01-06,466.42857142857144,461.7142857142857,412.14285714285717,447.32889512413396,434.8188545439372
2019-01-13,379.42857142857144,461.7142857142857,344.57142857142856,402.3671348360353,396.91080972493705
2019-01-20,399.14285714285717,461.7142857142857,357.57142857142856,414.08156375100236,413.1008019730345
2019-01-27,256.42857142857144,461.7142857142857,305.57142857142856,390.86421627447214,394.1053842091868
2019-02-03,332.42857142857144,461.7142857142857,296.42857142857144,365.2611216767879,367.4170314907864
2019-02-10,270.57142857142856,461.7142857142857,337.2857142857143,367.19077891295257,351.90467291457986
2019-02-17,317.2857142857143,461.7142857142857,231.71428571428572,333.74286417699017,341.32857446997485
2019-02-24,207.0,461.7142857142857,333.0,366.8715184476128,360.2263724970892
2019-03-03,185.14285714285714,461.7142857142857,236.14285714285714,301.60602396352465,306.2965686432904
2019-03-10,196.85714285714286,461.7142857142857,215.14285714285714,252.20317048960362,238.45131241709706
2019-03-17,187.42857142857142,461.7142857142857,248.85714285714286,276.7493360821908,272.8989771502703
2019-03-24,194.85714285714286,461.7142857142857,212.14285714285714,319.8678024147961,335.3643632283705
2019-03-31,206.14285714285714,461.7142857142857,242.85714285714286,300.80308998049503,301.4968757324463
2019-04-07,240.42857142857142,461.7142857142857,230.28571428571428,313.4701823524811,318.28261895083824
2019-04-14,215.71428571428572,461.7142857142857,189.42857142857142,313.6700202973792,337.30246841631515
2019-04-21,164.28571428571428,461.7142857142857,291.0,362.7077726031465,364.34381242041053
2019-04-28,246.57142857142858,461.7142857142857,279.0,323.14808137597174,316.92868939789764
2019-05-05,241.14285714285714,461.7142857142857,188.85714285714286,337.51795282400826,362.78117810980234
2019-05-12,329.57142857142856,461.7142857142857,255.42857142857142,340.7732703203435,351.82840043604136
2019-05-19,225.71428571428572,461.7142857142857,219.42857142857142,319.1791987448836,333.5261376200135
2019-05-26,175.42857142857142,461.7142857142857,256.57142857142856,329.5582950925319,326.59384747145367
2019-06-02,220.42857142857142,461.7142857142857,229.57142857142858,294.15073153097404,291.3801954935459
2019-06-09,208.0,461.7142857142857,161.14285714285714,244.08285558867985,243.48527722447557
2019-06-16,229.0,461.7142857142857,422.0,295.4857757873012,228.0896662436507
2019-06-23,158.42857142857142,461.7142857142857,198.85714285714286,220.13371382960423,204.35380876663612
2019-06-30,177.57142857142858,461.7142857142857,118.0,175.69274261036267,164.8857795031547
2019-07-07,140.42857142857142,461.7142857142857,138.42857142857142,190.67916397530638,181.42022901714668
2019-07-14,222.71428571428572,461.7142857142857,120.85714285714286,166.50332854408518,152.7685278144512
2019-07-21,127.0,461.7142857142857,101.57142857142857,170.0375327605799,168.2252330635192
2019-07-28,115.0,461.7142857142857,85.71428571428571,141.00703126564744,132.57700465499119
2019-08-04,94.28571428571429,461.7142857142857,186.28571428571428,183.25708682531695,154.44478740986884
2019-08-11,93.85714285714286,461.7142857142857,115.42857142857143,165.81604110630974,154.17218668550677
2019-08-18,79.57142857142857,461.7142857142857,108.57142857142857,172.08921921811873,167.5772787485928
2019-08-25,117.14285714285714,461.7142857142857,99.14285714285714,160.94047495631065,153.15136307828766
2019-09-01,109.85714285714286,461.7142857142857,103.28571428571429,185.51239954232557,181.31978555342462
2019-09-08,115.57142857142857,461.7142857142857,108.57142857142857,204.31927917452902,212.15926927931602
2019-09-15,120.14285714285714,461.7142857142857,107.14285714285714,196.058030653618,203.2090450026535
2019-09-22,106.42857142857143,461.7142857142857,131.28571428571428,187.3124519945696,186.87634529538653
2019-09-29,86.14285714285714,461.7142857142857,140.14285714285714,219.1140189080404,224.26464487688736
2019-10-06,109.42857142857143,461.7142857142857,199.14285714285714,291.1850030838387,292.9604026723282
2019-10-13,198.42857142857142,461.7142857142857,238.28571428571428,323.8902112498419,340.25999174529454
2019-10-20,267.57142857142856,461.7142857142857,313.2857142857143,400.33406994903555,418.88978873057914
2019-10-27,297.14285714285717,461.7142857142857,353.2857142857143,404.96213408423284,419.12107850475206
2019-11-03,495.85714285714283,461.7142857142857,384.2857142857143,455.07820128502385,464.91741204901166
2019-11-10,354.85714285714283,461.7142857142857,425.0,509.12665466089527,541.9430990392482
2019-11-17,460.85714285714283,461.7142857142857,346.7142857142857,423.8112113308842,438.9121140845263
2019-11-24,308.7142857142857,461.7142857142857,334.0,390.1218761453615,399.3746004028397
2019-12-01,192.28571428571428,461.7142857142857,360.14285714285717,407.6036970581989,414.26634268338245
2019-12-08,358.85714285714283,461.7142857142857,377.14285714285717,403.5328990182357,400.80662532481335
2019-12-15,336.42857142857144,461.7142857142857,345.57142857142856,350.27569095793433,348.9299556513229
2019-12-22,321.57142857142856,461.7142857142857,421.14285714285717,402.1304183340118,392.5704670855565
2019-12-29,381.85714285714283,461.7142857142857,461.7142857142857,438.1361924999726,427.33858788688116
